name,age,income,purchase_frequency,annual_spending,segment,strategy,business_goal,recommendations
Teresa Williams MD,42,53936,0.9,13227.12,Regular,Engage & Upsell,Increase purchase frequency and average spending,Provide targeted discounts and product recommendations. Use loyalty programs to encourage repeat purchases. Maintain engagement with personalized promotions.
Christine Myers,49,82468,0.6,12674.04,Premium,Retain & Reward,Increase customer loyalty and lifetime value,Offer exclusive premium products and personalized deals. Provide loyalty rewards and early access to new products. Use targeted offers to increase purchase frequency.
Dwayne Moreno,55,56941,0.3,5354.115,Budget,Convert & Increase Value,Increase engagement and gradually improve spending,"Promote affordable products and value-for-money offers. Provide discounts, bundles, and seasonal promotions. Gradually encourage higher-value purchases through bundles."
Amy Norton,24,60651,0.2,2606.51,Budget,Convert & Increase Value,Increase engagement and gradually improve spending,"Promote affordable products and value-for-money offers. Provide discounts, bundles, and seasonal promotions. Use low-cost promotional offers to encourage purchases."
Tonya Adams,64,81884,0.9,18984.78,Premium,Retain & Reward,Increase customer loyalty and lifetime value,Offer exclusive premium products and personalized deals. Provide loyalty rewards and early access to new products. Maintain engagement with frequent personalized campaigns.
Charles Smith,24,61444,1.0,18072.2,Premium,Retain & Reward,Increase customer loyalty and lifetime value,Offer exclusive premium products and personalized deals. Provide loyalty rewards and early access to new products. Maintain engagement with frequent personalized campaigns.
Misty Moody,58,78024,0.9,21511.08,Premium,Retain & Reward,Increase customer loyalty and lifetime value,Offer exclusive premium products and personalized deals. Provide loyalty rewards and early access to new products. Maintain engagement with frequent personalized campaigns.
Brian Kent,34,32225,0.7,6727.875,Regular,Engage & Upsell,Increase purchase frequency and average spending,Provide targeted discounts and product recommendations. Use loyalty programs to encourage repeat purchases. Maintain engagement with personalized promotions.
Stacie Ray,63,63664,0.4,9273.28,Budget,Convert & Increase Value,Increase engagement and gradually improve spending,"Promote affordable products and value-for-money offers. Provide discounts, bundles, and seasonal promotions. Gradually encourage higher-value purchases through bundles."
Brian Townsend,64,45043,1.0,16252.15,Regular,Engage & Upsell,Increase purchase frequency and average spending,Provide targeted discounts and product recommendations. Use loyalty programs to encourage repeat purchases. Maintain engagement with personalized promotions.
Samantha Bailey,32,91170,0.8,12446.8,Premium,Retain & Reward,Increase customer loyalty and lifetime value,Offer exclusive premium products and personalized deals. Provide loyalty rewards and early access to new products. Maintain engagement with frequent personalized campaigns.
Christopher Wright,23,86576,0.8,11463.04,Premium,Retain & Reward,Increase customer loyalty and lifetime value,Offer exclusive premium products and personalized deals. Provide loyalty rewards and early access to new products. Maintain engagement with frequent personalized campaigns.
John Harrington,24,36359,0.9,12436.155,Regular,Engage & Upsell,Increase purchase frequency and average spending,Provide targeted discounts and product recommendations. Use loyalty programs to encourage repeat purchases. Maintain engagement with personalized promotions.
Gregory Franklin,39,78325,0.2,3783.25,Budget,Convert & Increase Value,Increase engagement and gradually improve spending,"Promote affordable products and value-for-money offers. Provide discounts, bundles, and seasonal promotions. Use low-cost promotional offers to encourage purchases."
Jordan Garrett,56,95451,0.4,9509.02,Premium,Retain & Reward,Increase customer loyalty and lifetime value,Offer exclusive premium products and personalized deals. Provide loyalty rewards and early access to new products. Use targeted offers to increase purchase frequency.
Barbara Fuller,36,44475,0.1,1522.375,Budget,Convert & Increase Value,Increase engagement and gradually improve spending,"Promote affordable products and value-for-money offers. Provide discounts, bundles, and seasonal promotions. Use low-cost promotional offers to encourage purchases."
Eric Rogers,57,29055,0.2,4690.55,Budget,Convert & Increase Value,Increase engagement and gradually improve spending,"Promote affordable products and value-for-money offers. Provide discounts, bundles, and seasonal promotions. Use low-cost promotional offers to encourage purchases."
Christopher Fleming,61,25064,0.2,3250.64,Budget,Convert & Increase Value,Increase engagement and gradually improve spending,"Promote affordable products and value-for-money offers. Provide discounts, bundles, and seasonal promotions. Use low-cost promotional offers to encourage purchases."
Sandra Wheeler,62,88392,0.4,9367.84,Premium,Retain & Reward,Increase customer loyalty and lifetime value,Offer exclusive premium products and personalized deals. Provide loyalty rewards and early access to new products. Use targeted offers to increase purchase frequency.
Elizabeth Guzman,31,79056,0.8,15162.24,Premium,Retain & Reward,Increase customer loyalty and lifetime value,Offer exclusive premium products and personalized deals. Provide loyalty rewards and early access to new products. Maintain engagement with frequent personalized campaigns.
Kathleen Mata,60,62509,1.0,17125.45,Regular,Engage & Upsell,Increase purchase frequency and average spending,Provide targeted discounts and product recommendations. Use loyalty programs to encourage repeat purchases. Maintain engagement with personalized promotions.
Jack Perry,25,44953,0.4,5699.06,Budget,Convert & Increase Value,Increase engagement and gradually improve spending,"Promote affordable products and value-for-money offers. Provide discounts, bundles, and seasonal promotions. Gradually encourage higher-value purchases through bundles."
Tyler Silva,19,48896,0.6,5666.88,Budget,Convert & Increase Value,Increase engagement and gradually improve spending,"Promote affordable products and value-for-money offers. Provide discounts, bundles, and seasonal promotions. Gradually encourage higher-value purchases through bundles."
Joy Carter,28,28151,0.2,3881.51,Budget,Convert & Increase Value,Increase engagement and gradually improve spending,"Promote affordable products and value-for-money offers. Provide discounts, bundles, and seasonal promotions. Use low-cost promotional offers to encourage purchases."
Jody Collins,27,95217,0.9,11484.765,Premium,Retain & Reward,Increase customer loyalty and lifetime value,Offer exclusive premium products and personalized deals. Provide loyalty rewards and early access to new products. Maintain engagement with frequent personalized campaigns.
Elizabeth Brown,56,36311,0.4,5526.22,Budget,Convert & Increase Value,Increase engagement and gradually improve spending,"Promote affordable products and value-for-money offers. Provide discounts, bundles, and seasonal promotions. Gradually encourage higher-value purchases through bundles."
Mrs. Brandy Tate,56,31997,0.6,12959.91,Regular,Engage & Upsell,Increase purchase frequency and average spending,Provide targeted discounts and product recommendations. Use loyalty programs to encourage repeat purchases. Offer incentives to increase purchase frequency.
Janet Miller,25,45505,0.3,2182.575,Budget,Convert & Increase Value,Increase engagement and gradually improve spending,"Promote affordable products and value-for-money offers. Provide discounts, bundles, and seasonal promotions. Use low-cost promotional offers to encourage purchases."
Mary Smith,63,47600,0.1,2238.0,Budget,Convert & Increase Value,Increase engagement and gradually improve spending,"Promote affordable products and value-for-money offers. Provide discounts, bundles, and seasonal promotions. Use low-cost promotional offers to encourage purchases."
Denise Martin,61,33303,0.5,10832.575,Regular,Engage & Upsell,Increase purchase frequency and average spending,Provide targeted discounts and product recommendations. Use loyalty programs to encourage repeat purchases. Offer incentives to increase purchase frequency.
Michael Brown,22,59460,0.6,4783.8,Budget,Convert & Increase Value,Increase engagement and gradually improve spending,"Promote affordable products and value-for-money offers. Provide discounts, bundles, and seasonal promotions. Use low-cost promotional offers to encourage purchases."
Craig Thomas,45,86012,0.8,11440.48,Premium,Retain & Reward,Increase customer loyalty and lifetime value,Offer exclusive premium products and personalized deals. Provide loyalty rewards and early access to new products. Maintain engagement with frequent personalized campaigns.
Ashley Cain,20,46129,0.5,7653.225,Budget,Convert & Increase Value,Increase engagement and gradually improve spending,"Promote affordable products and value-for-money offers. Provide discounts, bundles, and seasonal promotions. Gradually encourage higher-value purchases through bundles."
Carolyn Wilson,40,46661,0.1,1733.305,Budget,Convert & Increase Value,Increase engagement and gradually improve spending,"Promote affordable products and value-for-money offers. Provide discounts, bundles, and seasonal promotions. Use low-cost promotional offers to encourage purchases."
Allison Chen,61,64867,0.9,16419.015,Regular,Engage & Upsell,Increase purchase frequency and average spending,Provide targeted discounts and product recommendations. Use loyalty programs to encourage repeat purchases. Maintain engagement with personalized promotions.
Crystal Jacobson,34,42913,0.1,1814.565,Budget,Convert & Increase Value,Increase engagement and gradually improve spending,"Promote affordable products and value-for-money offers. Provide discounts, bundles, and seasonal promotions. Use low-cost promotional offers to encourage purchases."
Rhonda Gordon,48,66812,0.7,14238.42,Premium,Retain & Reward,Increase customer loyalty and lifetime value,Offer exclusive premium products and personalized deals. Provide loyalty rewards and early access to new products. Use targeted offers to increase purchase frequency.
Jenna Cowan,60,93478,0.1,2167.39,Budget,Convert & Increase Value,Increase engagement and gradually improve spending,"Promote affordable products and value-for-money offers. Provide discounts, bundles, and seasonal promotions. Use low-cost promotional offers to encourage purchases."
Taylor Yang,47,25989,0.9,14669.505,Regular,Engage & Upsell,Increase purchase frequency and average spending,Provide targeted discounts and product recommendations. Use loyalty programs to encourage repeat purchases. Maintain engagement with personalized promotions.
Judy Moses,35,83154,0.6,9094.62,Premium,Retain & Reward,Increase customer loyalty and lifetime value,Offer exclusive premium products and personalized deals. Provide loyalty rewards and early access to new products. Use targeted offers to increase purchase frequency.
Eric Farmer,57,97368,1.0,23868.4,Premium,Retain & Reward,Increase customer loyalty and lifetime value,Offer exclusive premium products and personalized deals. Provide loyalty rewards and early access to new products. Maintain engagement with frequent personalized campaigns.
Meghan Hansen,26,74318,0.2,4343.18,Budget,Convert & Increase Value,Increase engagement and gradually improve spending,"Promote affordable products and value-for-money offers. Provide discounts, bundles, and seasonal promotions. Use low-cost promotional offers to encourage purchases."
Susan Jones,18,40981,0.4,4819.62,Budget,Convert & Increase Value,Increase engagement and gradually improve spending,"Promote affordable products and value-for-money offers. Provide discounts, bundles, and seasonal promotions. Use low-cost promotional offers to encourage purchases."
Mr. Anthony Powell Jr.,32,94468,0.7,15906.38,Premium,Retain & Reward,Increase customer loyalty and lifetime value,Offer exclusive premium products and personalized deals. Provide loyalty rewards and early access to new products. Use targeted offers to increase purchase frequency.
Tony Hayes,20,26131,0.3,4891.965,Budget,Convert & Increase Value,Increase engagement and gradually improve spending,"Promote affordable products and value-for-money offers. Provide discounts, bundles, and seasonal promotions. Use low-cost promotional offers to encourage purchases."
Brianna Price MD,46,40668,0.8,13626.72,Regular,Engage & Upsell,Increase purchase frequency and average spending,Provide targeted discounts and product recommendations. Use loyalty programs to encourage repeat purchases. Maintain engagement with personalized promotions.
Kelly Guerrero,51,25100,0.8,12204.0,Regular,Engage & Upsell,Increase purchase frequency and average spending,Provide targeted discounts and product recommendations. Use loyalty programs to encourage repeat purchases. Maintain engagement with personalized promotions.
Kendra Cook,38,26534,0.7,14928.69,Regular,Engage & Upsell,Increase purchase frequency and average spending,Provide targeted discounts and product recommendations. Use loyalty programs to encourage repeat purchases. Maintain engagement with personalized promotions.
Anthony Simpson,30,21930,0.7,8467.55,Regular,Engage & Upsell,Increase purchase frequency and average spending,Provide targeted discounts and product recommendations. Use loyalty programs to encourage repeat purchases. Maintain engagement with personalized promotions.
Nicole Simpson,61,20444,0.4,8008.88,Regular,Engage & Upsell,Increase purchase frequency and average spending,Provide targeted discounts and product recommendations. Use loyalty programs to encourage repeat purchases. Offer incentives to increase purchase frequency.
Sydney Smith,18,44963,0.2,1449.63,Budget,Convert & Increase Value,Increase engagement and gradually improve spending,"Promote affordable products and value-for-money offers. Provide discounts, bundles, and seasonal promotions. Use low-cost promotional offers to encourage purchases."
Heather Wright,56,56697,0.3,5950.455,Budget,Convert & Increase Value,Increase engagement and gradually improve spending,"Promote affordable products and value-for-money offers. Provide discounts, bundles, and seasonal promotions. Gradually encourage higher-value purchases through bundles."
Margaret Taylor,24,30662,0.1,1653.31,Budget,Convert & Increase Value,Increase engagement and gradually improve spending,"Promote affordable products and value-for-money offers. Provide discounts, bundles, and seasonal promotions. Use low-cost promotional offers to encourage purchases."
Charles Mitchell,35,53618,0.3,3804.27,Budget,Convert & Increase Value,Increase engagement and gradually improve spending,"Promote affordable products and value-for-money offers. Provide discounts, bundles, and seasonal promotions. Use low-cost promotional offers to encourage purchases."
David Harris,59,40242,0.5,8006.05,Regular,Engage & Upsell,Increase purchase frequency and average spending,Provide targeted discounts and product recommendations. Use loyalty programs to encourage repeat purchases. Offer incentives to increase purchase frequency.
Kim Perry,19,46966,0.5,3674.15,Budget,Convert & Increase Value,Increase engagement and gradually improve spending,"Promote affordable products and value-for-money offers. Provide discounts, bundles, and seasonal promotions. Use low-cost promotional offers to encourage purchases."
Ashley Chambers,53,94379,0.1,2371.895,Budget,Convert & Increase Value,Increase engagement and gradually improve spending,"Promote affordable products and value-for-money offers. Provide discounts, bundles, and seasonal promotions. Use low-cost promotional offers to encourage purchases."
Linda Saunders,65,77074,0.6,15512.22,Premium,Retain & Reward,Increase customer loyalty and lifetime value,Offer exclusive premium products and personalized deals. Provide loyalty rewards and early access to new products. Use targeted offers to increase purchase frequency.
Amber Jensen,52,69227,1.0,18461.35,Premium,Retain & Reward,Increase customer loyalty and lifetime value,Offer exclusive premium products and personalized deals. Provide loyalty rewards and early access to new products. Maintain engagement with frequent personalized campaigns.
Joseph Mitchell,36,39794,0.5,7494.85,Budget,Convert & Increase Value,Increase engagement and gradually improve spending,"Promote affordable products and value-for-money offers. Provide discounts, bundles, and seasonal promotions. Gradually encourage higher-value purchases through bundles."
Brittney Wright,39,32282,0.6,11168.46,Regular,Engage & Upsell,Increase purchase frequency and average spending,Provide targeted discounts and product recommendations. Use loyalty programs to encourage repeat purchases. Offer incentives to increase purchase frequency.
Derek Ibarra,57,55339,0.3,4430.085,Budget,Convert & Increase Value,Increase engagement and gradually improve spending,"Promote affordable products and value-for-money offers. Provide discounts, bundles, and seasonal promotions. Use low-cost promotional offers to encourage purchases."
William Torres,27,71746,0.9,16728.57,Premium,Retain & Reward,Increase customer loyalty and lifetime value,Offer exclusive premium products and personalized deals. Provide loyalty rewards and early access to new products. Maintain engagement with frequent personalized campaigns.
Melissa Green,26,82660,0.4,5653.2,Budget,Convert & Increase Value,Increase engagement and gradually improve spending,"Promote affordable products and value-for-money offers. Provide discounts, bundles, and seasonal promotions. Gradually encourage higher-value purchases through bundles."
Harry Hodges,21,88557,0.2,2885.57,Budget,Convert & Increase Value,Increase engagement and gradually improve spending,"Promote affordable products and value-for-money offers. Provide discounts, bundles, and seasonal promotions. Use low-cost promotional offers to encourage purchases."
Timothy Shaffer,37,59220,0.7,13972.7,Premium,Retain & Reward,Increase customer loyalty and lifetime value,Offer exclusive premium products and personalized deals. Provide loyalty rewards and early access to new products. Use targeted offers to increase purchase frequency.
Chase Bryant,24,82128,0.6,10263.84,Premium,Retain & Reward,Increase customer loyalty and lifetime value,Offer exclusive premium products and personalized deals. Provide loyalty rewards and early access to new products. Use targeted offers to increase purchase frequency.
Kristen Mccoy,39,35205,0.8,15808.2,Regular,Engage & Upsell,Increase purchase frequency and average spending,Provide targeted discounts and product recommendations. Use loyalty programs to encourage repeat purchases. Maintain engagement with personalized promotions.
Tamara Morgan,45,63919,0.3,5458.785,Budget,Convert & Increase Value,Increase engagement and gradually improve spending,"Promote affordable products and value-for-money offers. Provide discounts, bundles, and seasonal promotions. Gradually encourage higher-value purchases through bundles."
Stephanie Clayton,28,28629,0.2,2286.29,Budget,Convert & Increase Value,Increase engagement and gradually improve spending,"Promote affordable products and value-for-money offers. Provide discounts, bundles, and seasonal promotions. Use low-cost promotional offers to encourage purchases."
Erika Lowery,30,70438,0.1,1152.19,Budget,Convert & Increase Value,Increase engagement and gradually improve spending,"Promote affordable products and value-for-money offers. Provide discounts, bundles, and seasonal promotions. Use low-cost promotional offers to encourage purchases."
Richard Sanford,24,78791,0.8,12751.64,Premium,Retain & Reward,Increase customer loyalty and lifetime value,Offer exclusive premium products and personalized deals. Provide loyalty rewards and early access to new products. Maintain engagement with frequent personalized campaigns.
Vanessa Hernandez,55,30965,0.6,12928.95,Regular,Engage & Upsell,Increase purchase frequency and average spending,Provide targeted discounts and product recommendations. Use loyalty programs to encourage repeat purchases. Offer incentives to increase purchase frequency.
Jason Neal,32,76521,0.4,6730.42,Budget,Convert & Increase Value,Increase engagement and gradually improve spending,"Promote affordable products and value-for-money offers. Provide discounts, bundles, and seasonal promotions. Gradually encourage higher-value purchases through bundles."
Cameron Shields,40,23620,0.9,10062.9,Regular,Engage & Upsell,Increase purchase frequency and average spending,Provide targeted discounts and product recommendations. Use loyalty programs to encourage repeat purchases. Maintain engagement with personalized promotions.
Ashley Rodriguez,46,85154,0.7,9980.39,Premium,Retain & Reward,Increase customer loyalty and lifetime value,Offer exclusive premium products and personalized deals. Provide loyalty rewards and early access to new products. Use targeted offers to increase purchase frequency.
Karen Jackson,34,48297,1.0,10414.85,Regular,Engage & Upsell,Increase purchase frequency and average spending,Provide targeted discounts and product recommendations. Use loyalty programs to encourage repeat purchases. Maintain engagement with personalized promotions.
Jonathan Sullivan,27,80084,0.7,10502.94,Premium,Retain & Reward,Increase customer loyalty and lifetime value,Offer exclusive premium products and personalized deals. Provide loyalty rewards and early access to new products. Use targeted offers to increase purchase frequency.
Margaret Olson,41,98150,0.8,11926.0,Premium,Retain & Reward,Increase customer loyalty and lifetime value,Offer exclusive premium products and personalized deals. Provide loyalty rewards and early access to new products. Maintain engagement with frequent personalized campaigns.
Thomas Watson,27,88318,0.8,17932.72,Premium,Retain & Reward,Increase customer loyalty and lifetime value,Offer exclusive premium products and personalized deals. Provide loyalty rewards and early access to new products. Maintain engagement with frequent personalized campaigns.
Ms. Megan Lucas,61,85358,0.4,10507.16,Premium,Retain & Reward,Increase customer loyalty and lifetime value,Offer exclusive premium products and personalized deals. Provide loyalty rewards and early access to new products. Use targeted offers to increase purchase frequency.
Stephanie Smith,52,64593,0.6,9137.79,Premium,Retain & Reward,Increase customer loyalty and lifetime value,Offer exclusive premium products and personalized deals. Provide loyalty rewards and early access to new products. Use targeted offers to increase purchase frequency.
Courtney Young,38,53670,1.0,15683.5,Regular,Engage & Upsell,Increase purchase frequency and average spending,Provide targeted discounts and product recommendations. Use loyalty programs to encourage repeat purchases. Maintain engagement with personalized promotions.
Thomas Miller,27,81660,0.2,3816.6,Budget,Convert & Increase Value,Increase engagement and gradually improve spending,"Promote affordable products and value-for-money offers. Provide discounts, bundles, and seasonal promotions. Use low-cost promotional offers to encourage purchases."
Mrs. Sabrina Weaver MD,23,49503,0.3,2242.545,Budget,Convert & Increase Value,Increase engagement and gradually improve spending,"Promote affordable products and value-for-money offers. Provide discounts, bundles, and seasonal promotions. Use low-cost promotional offers to encourage purchases."
Tracy Shaw,20,78797,0.6,6563.91,Budget,Convert & Increase Value,Increase engagement and gradually improve spending,"Promote affordable products and value-for-money offers. Provide discounts, bundles, and seasonal promotions. Gradually encourage higher-value purchases through bundles."
Vanessa Fox,28,68669,0.9,17490.105,Premium,Retain & Reward,Increase customer loyalty and lifetime value,Offer exclusive premium products and personalized deals. Provide loyalty rewards and early access to new products. Maintain engagement with frequent personalized campaigns.
Jessica Oliver,42,87895,1.0,14394.75,Premium,Retain & Reward,Increase customer loyalty and lifetime value,Offer exclusive premium products and personalized deals. Provide loyalty rewards and early access to new products. Maintain engagement with frequent personalized campaigns.
Benjamin Coleman,22,57966,0.9,11608.47,Premium,Retain & Reward,Increase customer loyalty and lifetime value,Offer exclusive premium products and personalized deals. Provide loyalty rewards and early access to new products. Maintain engagement with frequent personalized campaigns.
Susan Perez,56,70930,1.0,25546.5,Premium,Retain & Reward,Increase customer loyalty and lifetime value,Offer exclusive premium products and personalized deals. Provide loyalty rewards and early access to new products. Maintain engagement with frequent personalized campaigns.
Shannon Lloyd,55,20031,0.3,3900.465,Budget,Convert & Increase Value,Increase engagement and gradually improve spending,"Promote affordable products and value-for-money offers. Provide discounts, bundles, and seasonal promotions. Use low-cost promotional offers to encourage purchases."
Jessica Sanders PhD,37,28601,0.8,14744.04,Regular,Engage & Upsell,Increase purchase frequency and average spending,Provide targeted discounts and product recommendations. Use loyalty programs to encourage repeat purchases. Maintain engagement with personalized promotions.
Connor Aguirre,34,70352,0.7,15062.32,Premium,Retain & Reward,Increase customer loyalty and lifetime value,Offer exclusive premium products and personalized deals. Provide loyalty rewards and early access to new products. Use targeted offers to increase purchase frequency.
Betty Sanders DVM,21,51319,0.5,5282.975,Budget,Convert & Increase Value,Increase engagement and gradually improve spending,"Promote affordable products and value-for-money offers. Provide discounts, bundles, and seasonal promotions. Gradually encourage higher-value purchases through bundles."
Joshua Holland,64,24709,0.8,12188.36,Regular,Engage & Upsell,Increase purchase frequency and average spending,Provide targeted discounts and product recommendations. Use loyalty programs to encourage repeat purchases. Maintain engagement with personalized promotions.
Bradley Lewis,44,98900,0.2,4589.0,Budget,Convert & Increase Value,Increase engagement and gradually improve spending,"Promote affordable products and value-for-money offers. Provide discounts, bundles, and seasonal promotions. Use low-cost promotional offers to encourage purchases."
Lisa Myers,61,73888,0.1,2069.44,Budget,Convert & Increase Value,Increase engagement and gradually improve spending,"Promote affordable products and value-for-money offers. Provide discounts, bundles, and seasonal promotions. Use low-cost promotional offers to encourage purchases."
Lindsay Fisher,57,80146,0.1,2600.73,Budget,Convert & Increase Value,Increase engagement and gradually improve spending,"Promote affordable products and value-for-money offers. Provide discounts, bundles, and seasonal promotions. Use low-cost promotional offers to encourage purchases."
Kevin Torres,24,22651,0.1,1113.255,Budget,Convert & Increase Value,Increase engagement and gradually improve spending,"Promote affordable products and value-for-money offers. Provide discounts, bundles, and seasonal promotions. Use low-cost promotional offers to encourage purchases."
Jessica Flores,56,33800,0.9,16821.0,Regular,Engage & Upsell,Increase purchase frequency and average spending,Provide targeted discounts and product recommendations. Use loyalty programs to encourage repeat purchases. Maintain engagement with personalized promotions.
Ashley Fry,59,70254,0.8,16410.16,Premium,Retain & Reward,Increase customer loyalty and lifetime value,Offer exclusive premium products and personalized deals. Provide loyalty rewards and early access to new products. Maintain engagement with frequent personalized campaigns.
Todd Deleon,25,64284,0.2,3242.84,Budget,Convert & Increase Value,Increase engagement and gradually improve spending,"Promote affordable products and value-for-money offers. Provide discounts, bundles, and seasonal promotions. Use low-cost promotional offers to encourage purchases."
Samuel Simon,61,70809,0.5,10270.225,Premium,Retain & Reward,Increase customer loyalty and lifetime value,Offer exclusive premium products and personalized deals. Provide loyalty rewards and early access to new products. Use targeted offers to increase purchase frequency.
Randall Jackson,65,25004,0.7,11375.14,Regular,Engage & Upsell,Increase purchase frequency and average spending,Provide targeted discounts and product recommendations. Use loyalty programs to encourage repeat purchases. Maintain engagement with personalized promotions.
Jessica Flowers,46,79699,0.6,11390.97,Premium,Retain & Reward,Increase customer loyalty and lifetime value,Offer exclusive premium products and personalized deals. Provide loyalty rewards and early access to new products. Use targeted offers to increase purchase frequency.
Tiffany Sutton,58,25240,0.8,10609.6,Regular,Engage & Upsell,Increase purchase frequency and average spending,Provide targeted discounts and product recommendations. Use loyalty programs to encourage repeat purchases. Maintain engagement with personalized promotions.
Cheryl Lane,34,50101,0.2,2701.01,Budget,Convert & Increase Value,Increase engagement and gradually improve spending,"Promote affordable products and value-for-money offers. Provide discounts, bundles, and seasonal promotions. Use low-cost promotional offers to encourage purchases."
Jacob White,58,34869,0.3,6223.035,Budget,Convert & Increase Value,Increase engagement and gradually improve spending,"Promote affordable products and value-for-money offers. Provide discounts, bundles, and seasonal promotions. Gradually encourage higher-value purchases through bundles."
Larry Reyes,45,33731,0.7,9580.585,Regular,Engage & Upsell,Increase purchase frequency and average spending,Provide targeted discounts and product recommendations. Use loyalty programs to encourage repeat purchases. Maintain engagement with personalized promotions.
Diana Jones,22,40467,0.1,1502.335,Budget,Convert & Increase Value,Increase engagement and gradually improve spending,"Promote affordable products and value-for-money offers. Provide discounts, bundles, and seasonal promotions. Use low-cost promotional offers to encourage purchases."
Derrick Williams,46,23949,0.8,16957.96,Regular,Engage & Upsell,Increase purchase frequency and average spending,Provide targeted discounts and product recommendations. Use loyalty programs to encourage repeat purchases. Maintain engagement with personalized promotions.
Mrs. Peggy Weaver,38,66203,0.2,3062.03,Budget,Convert & Increase Value,Increase engagement and gradually improve spending,"Promote affordable products and value-for-money offers. Provide discounts, bundles, and seasonal promotions. Use low-cost promotional offers to encourage purchases."
Kaylee Moore,25,65278,0.6,6158.34,Budget,Convert & Increase Value,Increase engagement and gradually improve spending,"Promote affordable products and value-for-money offers. Provide discounts, bundles, and seasonal promotions. Gradually encourage higher-value purchases through bundles."
Sean Hughes DDS,29,67946,0.2,2879.46,Budget,Convert & Increase Value,Increase engagement and gradually improve spending,"Promote affordable products and value-for-money offers. Provide discounts, bundles, and seasonal promotions. Use low-cost promotional offers to encourage purchases."
Erika Bush,56,20423,0.4,6408.46,Budget,Convert & Increase Value,Increase engagement and gradually improve spending,"Promote affordable products and value-for-money offers. Provide discounts, bundles, and seasonal promotions. Gradually encourage higher-value purchases through bundles."
Kelly Morris,60,58438,0.6,8953.14,Regular,Engage & Upsell,Increase purchase frequency and average spending,Provide targeted discounts and product recommendations. Use loyalty programs to encourage repeat purchases. Offer incentives to increase purchase frequency.
Chelsey Garcia,62,38597,0.3,5078.955,Budget,Convert & Increase Value,Increase engagement and gradually improve spending,"Promote affordable products and value-for-money offers. Provide discounts, bundles, and seasonal promotions. Gradually encourage higher-value purchases through bundles."
Barbara Thompson,47,65147,0.5,10628.675,Premium,Retain & Reward,Increase customer loyalty and lifetime value,Offer exclusive premium products and personalized deals. Provide loyalty rewards and early access to new products. Use targeted offers to increase purchase frequency.
Kevin Cole,26,67479,0.6,8624.37,Premium,Retain & Reward,Increase customer loyalty and lifetime value,Offer exclusive premium products and personalized deals. Provide loyalty rewards and early access to new products. Use targeted offers to increase purchase frequency.
Richard Scott,48,92509,0.6,12975.27,Premium,Retain & Reward,Increase customer loyalty and lifetime value,Offer exclusive premium products and personalized deals. Provide loyalty rewards and early access to new products. Use targeted offers to increase purchase frequency.
Rodney Miller,29,89891,1.0,12494.55,Premium,Retain & Reward,Increase customer loyalty and lifetime value,Offer exclusive premium products and personalized deals. Provide loyalty rewards and early access to new products. Maintain engagement with frequent personalized campaigns.
Richard Harris,37,39257,0.3,5988.855,Budget,Convert & Increase Value,Increase engagement and gradually improve spending,"Promote affordable products and value-for-money offers. Provide discounts, bundles, and seasonal promotions. Gradually encourage higher-value purchases through bundles."
Jonathon Powell,32,51019,0.3,4665.285,Budget,Convert & Increase Value,Increase engagement and gradually improve spending,"Promote affordable products and value-for-money offers. Provide discounts, bundles, and seasonal promotions. Use low-cost promotional offers to encourage purchases."
Michael Brown,36,26062,0.3,6390.93,Budget,Convert & Increase Value,Increase engagement and gradually improve spending,"Promote affordable products and value-for-money offers. Provide discounts, bundles, and seasonal promotions. Gradually encourage higher-value purchases through bundles."
Peter Reid,56,30213,0.2,4302.13,Budget,Convert & Increase Value,Increase engagement and gradually improve spending,"Promote affordable products and value-for-money offers. Provide discounts, bundles, and seasonal promotions. Use low-cost promotional offers to encourage purchases."
Destiny Singh,26,92191,0.7,13726.685,Premium,Retain & Reward,Increase customer loyalty and lifetime value,Offer exclusive premium products and personalized deals. Provide loyalty rewards and early access to new products. Use targeted offers to increase purchase frequency.
Brent Rich,65,59063,0.6,13771.89,Regular,Engage & Upsell,Increase purchase frequency and average spending,Provide targeted discounts and product recommendations. Use loyalty programs to encourage repeat purchases. Offer incentives to increase purchase frequency.
Seth Johnson,23,68399,0.9,14777.955,Premium,Retain & Reward,Increase customer loyalty and lifetime value,Offer exclusive premium products and personalized deals. Provide loyalty rewards and early access to new products. Maintain engagement with frequent personalized campaigns.
James David,21,21104,0.7,11238.64,Regular,Engage & Upsell,Increase purchase frequency and average spending,Provide targeted discounts and product recommendations. Use loyalty programs to encourage repeat purchases. Maintain engagement with personalized promotions.
Alice Torres,64,46737,0.6,14602.11,Regular,Engage & Upsell,Increase purchase frequency and average spending,Provide targeted discounts and product recommendations. Use loyalty programs to encourage repeat purchases. Offer incentives to increase purchase frequency.
Paul Lopez,36,44308,0.2,2843.08,Budget,Convert & Increase Value,Increase engagement and gradually improve spending,"Promote affordable products and value-for-money offers. Provide discounts, bundles, and seasonal promotions. Use low-cost promotional offers to encourage purchases."
Anna Carter,35,78479,0.7,10446.765,Premium,Retain & Reward,Increase customer loyalty and lifetime value,Offer exclusive premium products and personalized deals. Provide loyalty rewards and early access to new products. Use targeted offers to increase purchase frequency.
Benjamin Smith,29,42903,0.4,8058.06,Budget,Convert & Increase Value,Increase engagement and gradually improve spending,"Promote affordable products and value-for-money offers. Provide discounts, bundles, and seasonal promotions. Gradually encourage higher-value purchases through bundles."
Richard Barnes,47,66578,0.8,14663.12,Premium,Retain & Reward,Increase customer loyalty and lifetime value,Offer exclusive premium products and personalized deals. Provide loyalty rewards and early access to new products. Maintain engagement with frequent personalized campaigns.
Jonathan Michael,58,46691,0.5,11167.275,Regular,Engage & Upsell,Increase purchase frequency and average spending,Provide targeted discounts and product recommendations. Use loyalty programs to encourage repeat purchases. Offer incentives to increase purchase frequency.
Anthony Bell,18,21019,0.4,6420.38,Budget,Convert & Increase Value,Increase engagement and gradually improve spending,"Promote affordable products and value-for-money offers. Provide discounts, bundles, and seasonal promotions. Gradually encourage higher-value purchases through bundles."
Ashley Riggs,37,91461,1.0,19573.05,Premium,Retain & Reward,Increase customer loyalty and lifetime value,Offer exclusive premium products and personalized deals. Provide loyalty rewards and early access to new products. Maintain engagement with frequent personalized campaigns.
Jeffrey Hardy,27,32131,0.8,15685.24,Regular,Engage & Upsell,Increase purchase frequency and average spending,Provide targeted discounts and product recommendations. Use loyalty programs to encourage repeat purchases. Maintain engagement with personalized promotions.
Robin Miller,32,22833,0.2,3228.33,Budget,Convert & Increase Value,Increase engagement and gradually improve spending,"Promote affordable products and value-for-money offers. Provide discounts, bundles, and seasonal promotions. Use low-cost promotional offers to encourage purchases."
Rebecca Hammond,35,53629,0.7,7477.015,Regular,Engage & Upsell,Increase purchase frequency and average spending,Provide targeted discounts and product recommendations. Use loyalty programs to encourage repeat purchases. Maintain engagement with personalized promotions.
Thomas Perez,51,33373,0.5,11834.325,Regular,Engage & Upsell,Increase purchase frequency and average spending,Provide targeted discounts and product recommendations. Use loyalty programs to encourage repeat purchases. Offer incentives to increase purchase frequency.
Kristin Collins,40,98041,0.2,3980.41,Budget,Convert & Increase Value,Increase engagement and gradually improve spending,"Promote affordable products and value-for-money offers. Provide discounts, bundles, and seasonal promotions. Use low-cost promotional offers to encourage purchases."
Caitlyn Nguyen,20,60056,0.9,11702.52,Premium,Retain & Reward,Increase customer loyalty and lifetime value,Offer exclusive premium products and personalized deals. Provide loyalty rewards and early access to new products. Maintain engagement with frequent personalized campaigns.
Emily Williams,39,41437,0.2,3014.37,Budget,Convert & Increase Value,Increase engagement and gradually improve spending,"Promote affordable products and value-for-money offers. Provide discounts, bundles, and seasonal promotions. Use low-cost promotional offers to encourage purchases."
Jessica Walker,44,88135,0.3,6422.025,Budget,Convert & Increase Value,Increase engagement and gradually improve spending,"Promote affordable products and value-for-money offers. Provide discounts, bundles, and seasonal promotions. Gradually encourage higher-value purchases through bundles."
David Jones,54,73844,0.9,14122.98,Premium,Retain & Reward,Increase customer loyalty and lifetime value,Offer exclusive premium products and personalized deals. Provide loyalty rewards and early access to new products. Maintain engagement with frequent personalized campaigns.
Kristi Stevens,43,77981,0.6,12539.43,Premium,Retain & Reward,Increase customer loyalty and lifetime value,Offer exclusive premium products and personalized deals. Provide loyalty rewards and early access to new products. Use targeted offers to increase purchase frequency.
Michelle Jordan,54,36160,0.2,3361.6,Budget,Convert & Increase Value,Increase engagement and gradually improve spending,"Promote affordable products and value-for-money offers. Provide discounts, bundles, and seasonal promotions. Use low-cost promotional offers to encourage purchases."
Alexis Ortega,42,38288,0.9,19722.96,Regular,Engage & Upsell,Increase purchase frequency and average spending,Provide targeted discounts and product recommendations. Use loyalty programs to encourage repeat purchases. Maintain engagement with personalized promotions.
Cheyenne Wright,60,81953,0.7,16168.355,Premium,Retain & Reward,Increase customer loyalty and lifetime value,Offer exclusive premium products and personalized deals. Provide loyalty rewards and early access to new products. Use targeted offers to increase purchase frequency.
Ashley Rodriguez,31,85741,0.6,13372.23,Premium,Retain & Reward,Increase customer loyalty and lifetime value,Offer exclusive premium products and personalized deals. Provide loyalty rewards and early access to new products. Use targeted offers to increase purchase frequency.
John Schmitt,49,59345,0.3,6290.175,Budget,Convert & Increase Value,Increase engagement and gradually improve spending,"Promote affordable products and value-for-money offers. Provide discounts, bundles, and seasonal promotions. Gradually encourage higher-value purchases through bundles."
Renee Shelton,65,48274,0.1,1641.37,Budget,Convert & Increase Value,Increase engagement and gradually improve spending,"Promote affordable products and value-for-money offers. Provide discounts, bundles, and seasonal promotions. Use low-cost promotional offers to encourage purchases."
John Ford,40,21325,0.9,18959.625,Regular,Engage & Upsell,Increase purchase frequency and average spending,Provide targeted discounts and product recommendations. Use loyalty programs to encourage repeat purchases. Maintain engagement with personalized promotions.
Dawn Carter,22,20841,0.6,8425.23,Regular,Engage & Upsell,Increase purchase frequency and average spending,Provide targeted discounts and product recommendations. Use loyalty programs to encourage repeat purchases. Offer incentives to increase purchase frequency.
Marcus Walker,20,55432,0.5,3885.8,Budget,Convert & Increase Value,Increase engagement and gradually improve spending,"Promote affordable products and value-for-money offers. Provide discounts, bundles, and seasonal promotions. Use low-cost promotional offers to encourage purchases."
Sharon Haney,64,95084,0.5,9877.1,Premium,Retain & Reward,Increase customer loyalty and lifetime value,Offer exclusive premium products and personalized deals. Provide loyalty rewards and early access to new products. Use targeted offers to increase purchase frequency.
Terri Miller,30,80410,0.6,12012.3,Premium,Retain & Reward,Increase customer loyalty and lifetime value,Offer exclusive premium products and personalized deals. Provide loyalty rewards and early access to new products. Use targeted offers to increase purchase frequency.
Kathy Lee,42,75274,0.7,13134.59,Premium,Retain & Reward,Increase customer loyalty and lifetime value,Offer exclusive premium products and personalized deals. Provide loyalty rewards and early access to new products. Use targeted offers to increase purchase frequency.
Melissa Moore,27,88702,0.6,10461.06,Premium,Retain & Reward,Increase customer loyalty and lifetime value,Offer exclusive premium products and personalized deals. Provide loyalty rewards and early access to new products. Use targeted offers to increase purchase frequency.
Rachel Evans,26,78212,0.6,8946.36,Premium,Retain & Reward,Increase customer loyalty and lifetime value,Offer exclusive premium products and personalized deals. Provide loyalty rewards and early access to new products. Use targeted offers to increase purchase frequency.
Adam Murray,42,71057,0.4,9421.14,Budget,Convert & Increase Value,Increase engagement and gradually improve spending,"Promote affordable products and value-for-money offers. Provide discounts, bundles, and seasonal promotions. Gradually encourage higher-value purchases through bundles."
Melinda Murphy,30,96877,0.1,1784.385,Budget,Convert & Increase Value,Increase engagement and gradually improve spending,"Promote affordable products and value-for-money offers. Provide discounts, bundles, and seasonal promotions. Use low-cost promotional offers to encourage purchases."
James Johnson,42,31096,0.3,4366.44,Budget,Convert & Increase Value,Increase engagement and gradually improve spending,"Promote affordable products and value-for-money offers. Provide discounts, bundles, and seasonal promotions. Use low-cost promotional offers to encourage purchases."
Angela Walter,41,50548,1.0,15527.4,Regular,Engage & Upsell,Increase purchase frequency and average spending,Provide targeted discounts and product recommendations. Use loyalty programs to encourage repeat purchases. Maintain engagement with personalized promotions.
Andrew Morris,37,66277,0.7,12819.695,Premium,Retain & Reward,Increase customer loyalty and lifetime value,Offer exclusive premium products and personalized deals. Provide loyalty rewards and early access to new products. Use targeted offers to increase purchase frequency.
Patrick Wiggins,47,96147,0.8,18245.88,Premium,Retain & Reward,Increase customer loyalty and lifetime value,Offer exclusive premium products and personalized deals. Provide loyalty rewards and early access to new products. Maintain engagement with frequent personalized campaigns.
Tom Baker,49,48235,0.6,13447.05,Regular,Engage & Upsell,Increase purchase frequency and average spending,Provide targeted discounts and product recommendations. Use loyalty programs to encourage repeat purchases. Offer incentives to increase purchase frequency.
Clayton Garrison,35,26888,0.3,2803.32,Budget,Convert & Increase Value,Increase engagement and gradually improve spending,"Promote affordable products and value-for-money offers. Provide discounts, bundles, and seasonal promotions. Use low-cost promotional offers to encourage purchases."
Matthew Smith,40,20934,0.3,4814.01,Budget,Convert & Increase Value,Increase engagement and gradually improve spending,"Promote affordable products and value-for-money offers. Provide discounts, bundles, and seasonal promotions. Use low-cost promotional offers to encourage purchases."
Ashley Maldonado,22,99775,0.7,10492.125,Premium,Retain & Reward,Increase customer loyalty and lifetime value,Offer exclusive premium products and personalized deals. Provide loyalty rewards and early access to new products. Use targeted offers to increase purchase frequency.
Adam Ortiz,53,45277,0.6,13358.31,Regular,Engage & Upsell,Increase purchase frequency and average spending,Provide targeted discounts and product recommendations. Use loyalty programs to encourage repeat purchases. Offer incentives to increase purchase frequency.
Scott Gray,56,61815,0.6,9054.45,Regular,Engage & Upsell,Increase purchase frequency and average spending,Provide targeted discounts and product recommendations. Use loyalty programs to encourage repeat purchases. Offer incentives to increase purchase frequency.
Scott Wilcox,52,53488,0.1,2167.44,Budget,Convert & Increase Value,Increase engagement and gradually improve spending,"Promote affordable products and value-for-money offers. Provide discounts, bundles, and seasonal promotions. Use low-cost promotional offers to encourage purchases."
Amy Cannon,51,68326,0.2,3683.26,Budget,Convert & Increase Value,Increase engagement and gradually improve spending,"Promote affordable products and value-for-money offers. Provide discounts, bundles, and seasonal promotions. Use low-cost promotional offers to encourage purchases."
Daisy Walter,31,46426,0.5,7660.65,Budget,Convert & Increase Value,Increase engagement and gradually improve spending,"Promote affordable products and value-for-money offers. Provide discounts, bundles, and seasonal promotions. Gradually encourage higher-value purchases through bundles."
John Koch,61,87751,0.7,16371.285,Premium,Retain & Reward,Increase customer loyalty and lifetime value,Offer exclusive premium products and personalized deals. Provide loyalty rewards and early access to new products. Use targeted offers to increase purchase frequency.
Anthony Castillo,34,51452,0.1,1757.26,Budget,Convert & Increase Value,Increase engagement and gradually improve spending,"Promote affordable products and value-for-money offers. Provide discounts, bundles, and seasonal promotions. Use low-cost promotional offers to encourage purchases."
Michael Griffin,37,80415,0.8,11216.6,Premium,Retain & Reward,Increase customer loyalty and lifetime value,Offer exclusive premium products and personalized deals. Provide loyalty rewards and early access to new products. Maintain engagement with frequent personalized campaigns.
Julia George,64,74017,0.8,14160.68,Premium,Retain & Reward,Increase customer loyalty and lifetime value,Offer exclusive premium products and personalized deals. Provide loyalty rewards and early access to new products. Maintain engagement with frequent personalized campaigns.
Kevin Huff,47,31221,0.2,2712.21,Budget,Convert & Increase Value,Increase engagement and gradually improve spending,"Promote affordable products and value-for-money offers. Provide discounts, bundles, and seasonal promotions. Use low-cost promotional offers to encourage purchases."
Omar Suarez,33,74265,0.4,5885.3,Budget,Convert & Increase Value,Increase engagement and gradually improve spending,"Promote affordable products and value-for-money offers. Provide discounts, bundles, and seasonal promotions. Gradually encourage higher-value purchases through bundles."
Kathleen Barton,46,93270,0.7,15864.45,Premium,Retain & Reward,Increase customer loyalty and lifetime value,Offer exclusive premium products and personalized deals. Provide loyalty rewards and early access to new products. Use targeted offers to increase purchase frequency.
Vanessa Stevens,20,84227,0.4,4884.54,Budget,Convert & Increase Value,Increase engagement and gradually improve spending,"Promote affordable products and value-for-money offers. Provide discounts, bundles, and seasonal promotions. Use low-cost promotional offers to encourage purchases."
Marcus Brown,26,61890,0.7,12666.15,Premium,Retain & Reward,Increase customer loyalty and lifetime value,Offer exclusive premium products and personalized deals. Provide loyalty rewards and early access to new products. Use targeted offers to increase purchase frequency.
Jeffrey Haley,24,58881,0.8,10355.24,Premium,Retain & Reward,Increase customer loyalty and lifetime value,Offer exclusive premium products and personalized deals. Provide loyalty rewards and early access to new products. Maintain engagement with frequent personalized campaigns.
David Myers,50,55723,0.4,7914.46,Budget,Convert & Increase Value,Increase engagement and gradually improve spending,"Promote affordable products and value-for-money offers. Provide discounts, bundles, and seasonal promotions. Gradually encourage higher-value purchases through bundles."
Felicia Fisher,19,42619,0.7,4991.665,Budget,Convert & Increase Value,Increase engagement and gradually improve spending,"Promote affordable products and value-for-money offers. Provide discounts, bundles, and seasonal promotions. Use low-cost promotional offers to encourage purchases."
Ashley Curtis,33,20844,0.9,12637.98,Regular,Engage & Upsell,Increase purchase frequency and average spending,Provide targeted discounts and product recommendations. Use loyalty programs to encourage repeat purchases. Maintain engagement with personalized promotions.
Troy Mendoza,50,35963,0.7,9658.705,Regular,Engage & Upsell,Increase purchase frequency and average spending,Provide targeted discounts and product recommendations. Use loyalty programs to encourage repeat purchases. Maintain engagement with personalized promotions.
Leonard Acevedo,59,94012,0.6,11220.36,Premium,Retain & Reward,Increase customer loyalty and lifetime value,Offer exclusive premium products and personalized deals. Provide loyalty rewards and early access to new products. Use targeted offers to increase purchase frequency.
Kelly Ritter,32,51475,0.2,3114.75,Budget,Convert & Increase Value,Increase engagement and gradually improve spending,"Promote affordable products and value-for-money offers. Provide discounts, bundles, and seasonal promotions. Use low-cost promotional offers to encourage purchases."
Tom Gonzales,51,50618,0.6,12918.54,Regular,Engage & Upsell,Increase purchase frequency and average spending,Provide targeted discounts and product recommendations. Use loyalty programs to encourage repeat purchases. Offer incentives to increase purchase frequency.
Elizabeth Benson,58,96291,0.3,7144.365,Budget,Convert & Increase Value,Increase engagement and gradually improve spending,"Promote affordable products and value-for-money offers. Provide discounts, bundles, and seasonal promotions. Gradually encourage higher-value purchases through bundles."
Bradley Chavez,26,68101,1.0,16405.05,Premium,Retain & Reward,Increase customer loyalty and lifetime value,Offer exclusive premium products and personalized deals. Provide loyalty rewards and early access to new products. Maintain engagement with frequent personalized campaigns.
Kristen Davis,58,71849,0.3,5577.735,Budget,Convert & Increase Value,Increase engagement and gradually improve spending,"Promote affordable products and value-for-money offers. Provide discounts, bundles, and seasonal promotions. Gradually encourage higher-value purchases through bundles."
Debra Hogan,29,47066,0.8,10682.64,Regular,Engage & Upsell,Increase purchase frequency and average spending,Provide targeted discounts and product recommendations. Use loyalty programs to encourage repeat purchases. Maintain engagement with personalized promotions.
Derek Garcia,54,37318,0.4,6746.36,Budget,Convert & Increase Value,Increase engagement and gradually improve spending,"Promote affordable products and value-for-money offers. Provide discounts, bundles, and seasonal promotions. Gradually encourage higher-value purchases through bundles."
Kevin Kemp,42,85334,0.2,3853.34,Budget,Convert & Increase Value,Increase engagement and gradually improve spending,"Promote affordable products and value-for-money offers. Provide discounts, bundles, and seasonal promotions. Use low-cost promotional offers to encourage purchases."
Johnny Johnson,57,84120,0.8,16964.8,Premium,Retain & Reward,Increase customer loyalty and lifetime value,Offer exclusive premium products and personalized deals. Provide loyalty rewards and early access to new products. Maintain engagement with frequent personalized campaigns.
Jeremy Peters,37,92813,0.3,5292.195,Budget,Convert & Increase Value,Increase engagement and gradually improve spending,"Promote affordable products and value-for-money offers. Provide discounts, bundles, and seasonal promotions. Gradually encourage higher-value purchases through bundles."
Jeffrey Ramos DDS,60,91569,0.6,15947.07,Premium,Retain & Reward,Increase customer loyalty and lifetime value,Offer exclusive premium products and personalized deals. Provide loyalty rewards and early access to new products. Use targeted offers to increase purchase frequency.
Christopher Nichols,63,38015,1.0,18900.75,Regular,Engage & Upsell,Increase purchase frequency and average spending,Provide targeted discounts and product recommendations. Use loyalty programs to encourage repeat purchases. Maintain engagement with personalized promotions.
Mary Jones,43,58237,0.7,12538.295,Regular,Engage & Upsell,Increase purchase frequency and average spending,Provide targeted discounts and product recommendations. Use loyalty programs to encourage repeat purchases. Maintain engagement with personalized promotions.
Carl Carter,21,61308,0.4,3226.16,Budget,Convert & Increase Value,Increase engagement and gradually improve spending,"Promote affordable products and value-for-money offers. Provide discounts, bundles, and seasonal promotions. Use low-cost promotional offers to encourage purchases."
Carrie Nichols,39,54092,0.6,10622.76,Regular,Engage & Upsell,Increase purchase frequency and average spending,Provide targeted discounts and product recommendations. Use loyalty programs to encourage repeat purchases. Offer incentives to increase purchase frequency.
Anthony Paul,60,22225,0.6,10866.75,Regular,Engage & Upsell,Increase purchase frequency and average spending,Provide targeted discounts and product recommendations. Use loyalty programs to encourage repeat purchases. Offer incentives to increase purchase frequency.
Mary Robbins,54,66323,0.1,1831.615,Budget,Convert & Increase Value,Increase engagement and gradually improve spending,"Promote affordable products and value-for-money offers. Provide discounts, bundles, and seasonal promotions. Use low-cost promotional offers to encourage purchases."
Caleb Smith,49,51649,0.1,1258.245,Budget,Convert & Increase Value,Increase engagement and gradually improve spending,"Promote affordable products and value-for-money offers. Provide discounts, bundles, and seasonal promotions. Use low-cost promotional offers to encourage purchases."
John Reed,18,28722,0.1,1143.61,Budget,Convert & Increase Value,Increase engagement and gradually improve spending,"Promote affordable products and value-for-money offers. Provide discounts, bundles, and seasonal promotions. Use low-cost promotional offers to encourage purchases."
James Mayer,40,48380,0.8,13935.2,Regular,Engage & Upsell,Increase purchase frequency and average spending,Provide targeted discounts and product recommendations. Use loyalty programs to encourage repeat purchases. Maintain engagement with personalized promotions.
Mary Powell,45,60888,0.3,5413.32,Budget,Convert & Increase Value,Increase engagement and gradually improve spending,"Promote affordable products and value-for-money offers. Provide discounts, bundles, and seasonal promotions. Gradually encourage higher-value purchases through bundles."
Russell Olson,59,70157,0.1,2550.785,Budget,Convert & Increase Value,Increase engagement and gradually improve spending,"Promote affordable products and value-for-money offers. Provide discounts, bundles, and seasonal promotions. Use low-cost promotional offers to encourage purchases."
Jennifer Johnson,44,25497,1.0,21274.85,Regular,Engage & Upsell,Increase purchase frequency and average spending,Provide targeted discounts and product recommendations. Use loyalty programs to encourage repeat purchases. Maintain engagement with personalized promotions.
Luis Reed,25,42454,0.1,1712.27,Budget,Convert & Increase Value,Increase engagement and gradually improve spending,"Promote affordable products and value-for-money offers. Provide discounts, bundles, and seasonal promotions. Use low-cost promotional offers to encourage purchases."
Kevin Burch,50,30439,0.6,8713.17,Regular,Engage & Upsell,Increase purchase frequency and average spending,Provide targeted discounts and product recommendations. Use loyalty programs to encourage repeat purchases. Offer incentives to increase purchase frequency.
Joshua Munoz,33,22880,0.3,3643.2,Budget,Convert & Increase Value,Increase engagement and gradually improve spending,"Promote affordable products and value-for-money offers. Provide discounts, bundles, and seasonal promotions. Use low-cost promotional offers to encourage purchases."
Shelby Arnold,65,75990,1.0,15799.5,Premium,Retain & Reward,Increase customer loyalty and lifetime value,Offer exclusive premium products and personalized deals. Provide loyalty rewards and early access to new products. Maintain engagement with frequent personalized campaigns.
Victoria Montes,24,98901,0.1,1494.505,Budget,Convert & Increase Value,Increase engagement and gradually improve spending,"Promote affordable products and value-for-money offers. Provide discounts, bundles, and seasonal promotions. Use low-cost promotional offers to encourage purchases."
James Nguyen Jr.,34,23573,0.1,1917.865,Budget,Convert & Increase Value,Increase engagement and gradually improve spending,"Promote affordable products and value-for-money offers. Provide discounts, bundles, and seasonal promotions. Use low-cost promotional offers to encourage purchases."
Danielle Fuentes,49,58369,0.3,5375.535,Budget,Convert & Increase Value,Increase engagement and gradually improve spending,"Promote affordable products and value-for-money offers. Provide discounts, bundles, and seasonal promotions. Gradually encourage higher-value purchases through bundles."
Theresa Garcia,47,41270,0.7,11944.45,Regular,Engage & Upsell,Increase purchase frequency and average spending,Provide targeted discounts and product recommendations. Use loyalty programs to encourage repeat purchases. Maintain engagement with personalized promotions.
Rebecca Whitaker,39,71457,0.1,2357.285,Budget,Convert & Increase Value,Increase engagement and gradually improve spending,"Promote affordable products and value-for-money offers. Provide discounts, bundles, and seasonal promotions. Use low-cost promotional offers to encourage purchases."
Andrea Lin,37,24578,0.9,19106.01,Regular,Engage & Upsell,Increase purchase frequency and average spending,Provide targeted discounts and product recommendations. Use loyalty programs to encourage repeat purchases. Maintain engagement with personalized promotions.
Jamie Lee,54,79758,0.7,12591.53,Premium,Retain & Reward,Increase customer loyalty and lifetime value,Offer exclusive premium products and personalized deals. Provide loyalty rewards and early access to new products. Use targeted offers to increase purchase frequency.
Michelle Williams,64,65428,0.8,18617.12,Regular,Engage & Upsell,Increase purchase frequency and average spending,Provide targeted discounts and product recommendations. Use loyalty programs to encourage repeat purchases. Maintain engagement with personalized promotions.
Carol Oliver,21,24492,0.5,5612.3,Budget,Convert & Increase Value,Increase engagement and gradually improve spending,"Promote affordable products and value-for-money offers. Provide discounts, bundles, and seasonal promotions. Gradually encourage higher-value purchases through bundles."
Christopher Sherman,61,89372,0.9,19321.74,Premium,Retain & Reward,Increase customer loyalty and lifetime value,Offer exclusive premium products and personalized deals. Provide loyalty rewards and early access to new products. Maintain engagement with frequent personalized campaigns.
Jennifer Hunter,39,47390,0.2,3873.9,Budget,Convert & Increase Value,Increase engagement and gradually improve spending,"Promote affordable products and value-for-money offers. Provide discounts, bundles, and seasonal promotions. Use low-cost promotional offers to encourage purchases."
Stephen Brewer,54,96827,0.9,19657.215,Premium,Retain & Reward,Increase customer loyalty and lifetime value,Offer exclusive premium products and personalized deals. Provide loyalty rewards and early access to new products. Maintain engagement with frequent personalized campaigns.
Danielle Todd,61,40061,0.6,11401.83,Regular,Engage & Upsell,Increase purchase frequency and average spending,Provide targeted discounts and product recommendations. Use loyalty programs to encourage repeat purchases. Offer incentives to increase purchase frequency.
Gregory Moore,65,94038,0.3,5010.57,Budget,Convert & Increase Value,Increase engagement and gradually improve spending,"Promote affordable products and value-for-money offers. Provide discounts, bundles, and seasonal promotions. Gradually encourage higher-value purchases through bundles."
Alexandra Diaz,40,58459,0.6,11953.77,Premium,Retain & Reward,Increase customer loyalty and lifetime value,Offer exclusive premium products and personalized deals. Provide loyalty rewards and early access to new products. Use targeted offers to increase purchase frequency.
Tabitha Gonzales,49,42286,0.1,2211.43,Budget,Convert & Increase Value,Increase engagement and gradually improve spending,"Promote affordable products and value-for-money offers. Provide discounts, bundles, and seasonal promotions. Use low-cost promotional offers to encourage purchases."
Kevin Baker,27,36495,0.6,10694.85,Regular,Engage & Upsell,Increase purchase frequency and average spending,Provide targeted discounts and product recommendations. Use loyalty programs to encourage repeat purchases. Offer incentives to increase purchase frequency.
Nicole Williams,18,44596,0.2,2845.96,Budget,Convert & Increase Value,Increase engagement and gradually improve spending,"Promote affordable products and value-for-money offers. Provide discounts, bundles, and seasonal promotions. Use low-cost promotional offers to encourage purchases."
Curtis Beasley,53,42784,0.9,19025.28,Regular,Engage & Upsell,Increase purchase frequency and average spending,Provide targeted discounts and product recommendations. Use loyalty programs to encourage repeat purchases. Maintain engagement with personalized promotions.
John Guzman,28,95980,0.2,3159.8,Budget,Convert & Increase Value,Increase engagement and gradually improve spending,"Promote affordable products and value-for-money offers. Provide discounts, bundles, and seasonal promotions. Use low-cost promotional offers to encourage purchases."
Sarah Hernandez,50,54833,0.5,11370.825,Regular,Engage & Upsell,Increase purchase frequency and average spending,Provide targeted discounts and product recommendations. Use loyalty programs to encourage repeat purchases. Offer incentives to increase purchase frequency.
Benjamin Brown,36,56757,0.5,10418.925,Budget,Convert & Increase Value,Increase engagement and gradually improve spending,"Promote affordable products and value-for-money offers. Provide discounts, bundles, and seasonal promotions. Gradually encourage higher-value purchases through bundles."
Diane Small DVM,52,44902,0.7,14871.57,Regular,Engage & Upsell,Increase purchase frequency and average spending,Provide targeted discounts and product recommendations. Use loyalty programs to encourage repeat purchases. Maintain engagement with personalized promotions.
Ashley Bird,27,93830,0.7,10984.05,Premium,Retain & Reward,Increase customer loyalty and lifetime value,Offer exclusive premium products and personalized deals. Provide loyalty rewards and early access to new products. Use targeted offers to increase purchase frequency.
Susan Pham,41,93609,0.7,11676.315,Premium,Retain & Reward,Increase customer loyalty and lifetime value,Offer exclusive premium products and personalized deals. Provide loyalty rewards and early access to new products. Use targeted offers to increase purchase frequency.
Kathleen Rodriguez,58,67477,0.9,13836.465,Premium,Retain & Reward,Increase customer loyalty and lifetime value,Offer exclusive premium products and personalized deals. Provide loyalty rewards and early access to new products. Maintain engagement with frequent personalized campaigns.
Stephanie Jones,28,85141,0.1,1725.705,Budget,Convert & Increase Value,Increase engagement and gradually improve spending,"Promote affordable products and value-for-money offers. Provide discounts, bundles, and seasonal promotions. Use low-cost promotional offers to encourage purchases."
Abigail Shaw,64,55975,0.3,5339.625,Budget,Convert & Increase Value,Increase engagement and gradually improve spending,"Promote affordable products and value-for-money offers. Provide discounts, bundles, and seasonal promotions. Gradually encourage higher-value purchases through bundles."
Samantha Saunders,44,51029,0.8,16441.16,Regular,Engage & Upsell,Increase purchase frequency and average spending,Provide targeted discounts and product recommendations. Use loyalty programs to encourage repeat purchases. Maintain engagement with personalized promotions.
Lisa Brown,50,41559,0.8,12062.36,Regular,Engage & Upsell,Increase purchase frequency and average spending,Provide targeted discounts and product recommendations. Use loyalty programs to encourage repeat purchases. Maintain engagement with personalized promotions.
Mary Smith,22,55632,0.5,8890.8,Budget,Convert & Increase Value,Increase engagement and gradually improve spending,"Promote affordable products and value-for-money offers. Provide discounts, bundles, and seasonal promotions. Gradually encourage higher-value purchases through bundles."
Timothy Adkins,45,31878,0.5,9296.95,Regular,Engage & Upsell,Increase purchase frequency and average spending,Provide targeted discounts and product recommendations. Use loyalty programs to encourage repeat purchases. Offer incentives to increase purchase frequency.
Michele Chang,19,52841,0.4,3856.82,Budget,Convert & Increase Value,Increase engagement and gradually improve spending,"Promote affordable products and value-for-money offers. Provide discounts, bundles, and seasonal promotions. Use low-cost promotional offers to encourage purchases."
Andrea Russell,43,71021,0.1,2355.105,Budget,Convert & Increase Value,Increase engagement and gradually improve spending,"Promote affordable products and value-for-money offers. Provide discounts, bundles, and seasonal promotions. Use low-cost promotional offers to encourage purchases."
Kimberly Craig,55,94552,0.3,7118.28,Budget,Convert & Increase Value,Increase engagement and gradually improve spending,"Promote affordable products and value-for-money offers. Provide discounts, bundles, and seasonal promotions. Gradually encourage higher-value purchases through bundles."
Charles Moore,54,23185,0.7,14111.475,Regular,Engage & Upsell,Increase purchase frequency and average spending,Provide targeted discounts and product recommendations. Use loyalty programs to encourage repeat purchases. Maintain engagement with personalized promotions.
Mary Miranda,48,30680,1.0,11534.0,Regular,Engage & Upsell,Increase purchase frequency and average spending,Provide targeted discounts and product recommendations. Use loyalty programs to encourage repeat purchases. Maintain engagement with personalized promotions.
Emily Nixon,40,29092,0.4,5381.84,Budget,Convert & Increase Value,Increase engagement and gradually improve spending,"Promote affordable products and value-for-money offers. Provide discounts, bundles, and seasonal promotions. Gradually encourage higher-value purchases through bundles."
Patricia Villarreal,63,25651,0.6,12769.53,Regular,Engage & Upsell,Increase purchase frequency and average spending,Provide targeted discounts and product recommendations. Use loyalty programs to encourage repeat purchases. Offer incentives to increase purchase frequency.
David Kirby,19,36419,0.5,8410.475,Budget,Convert & Increase Value,Increase engagement and gradually improve spending,"Promote affordable products and value-for-money offers. Provide discounts, bundles, and seasonal promotions. Gradually encourage higher-value purchases through bundles."
Brandon Jackson,44,72979,0.5,8324.475,Budget,Convert & Increase Value,Increase engagement and gradually improve spending,"Promote affordable products and value-for-money offers. Provide discounts, bundles, and seasonal promotions. Gradually encourage higher-value purchases through bundles."
April Meyer,50,36434,0.3,4446.51,Budget,Convert & Increase Value,Increase engagement and gradually improve spending,"Promote affordable products and value-for-money offers. Provide discounts, bundles, and seasonal promotions. Use low-cost promotional offers to encourage purchases."
John Green,48,92737,0.7,10245.795,Premium,Retain & Reward,Increase customer loyalty and lifetime value,Offer exclusive premium products and personalized deals. Provide loyalty rewards and early access to new products. Use targeted offers to increase purchase frequency.
Tonya Gamble,29,30581,0.9,10376.145,Regular,Engage & Upsell,Increase purchase frequency and average spending,Provide targeted discounts and product recommendations. Use loyalty programs to encourage repeat purchases. Maintain engagement with personalized promotions.
Michael Davis,29,54205,0.6,9426.15,Budget,Convert & Increase Value,Increase engagement and gradually improve spending,"Promote affordable products and value-for-money offers. Provide discounts, bundles, and seasonal promotions. Gradually encourage higher-value purchases through bundles."
Brittney Ball,62,87821,0.8,18712.84,Premium,Retain & Reward,Increase customer loyalty and lifetime value,Offer exclusive premium products and personalized deals. Provide loyalty rewards and early access to new products. Maintain engagement with frequent personalized campaigns.
Emily Garcia,27,25059,1.0,14252.95,Regular,Engage & Upsell,Increase purchase frequency and average spending,Provide targeted discounts and product recommendations. Use loyalty programs to encourage repeat purchases. Maintain engagement with personalized promotions.
Isaiah Weaver,29,29390,0.4,5787.8,Budget,Convert & Increase Value,Increase engagement and gradually improve spending,"Promote affordable products and value-for-money offers. Provide discounts, bundles, and seasonal promotions. Gradually encourage higher-value purchases through bundles."
Jennifer Ramirez,59,80118,0.9,18905.31,Premium,Retain & Reward,Increase customer loyalty and lifetime value,Offer exclusive premium products and personalized deals. Provide loyalty rewards and early access to new products. Maintain engagement with frequent personalized campaigns.
Daniel Chen,28,82453,0.9,15410.385,Premium,Retain & Reward,Increase customer loyalty and lifetime value,Offer exclusive premium products and personalized deals. Provide loyalty rewards and early access to new products. Maintain engagement with frequent personalized campaigns.
Grace Howard,21,20322,0.2,2203.22,Budget,Convert & Increase Value,Increase engagement and gradually improve spending,"Promote affordable products and value-for-money offers. Provide discounts, bundles, and seasonal promotions. Use low-cost promotional offers to encourage purchases."
Tonya Thomas,24,94746,0.8,13389.84,Premium,Retain & Reward,Increase customer loyalty and lifetime value,Offer exclusive premium products and personalized deals. Provide loyalty rewards and early access to new products. Maintain engagement with frequent personalized campaigns.
Ryan Johnson,39,35577,0.3,5633.655,Budget,Convert & Increase Value,Increase engagement and gradually improve spending,"Promote affordable products and value-for-money offers. Provide discounts, bundles, and seasonal promotions. Gradually encourage higher-value purchases through bundles."
Leah Wilson,38,36397,0.1,1481.985,Budget,Convert & Increase Value,Increase engagement and gradually improve spending,"Promote affordable products and value-for-money offers. Provide discounts, bundles, and seasonal promotions. Use low-cost promotional offers to encourage purchases."
Christopher Walker,39,74242,0.1,1371.21,Budget,Convert & Increase Value,Increase engagement and gradually improve spending,"Promote affordable products and value-for-money offers. Provide discounts, bundles, and seasonal promotions. Use low-cost promotional offers to encourage purchases."
Jason Meyers,62,26846,1.0,23342.3,Regular,Engage & Upsell,Increase purchase frequency and average spending,Provide targeted discounts and product recommendations. Use loyalty programs to encourage repeat purchases. Maintain engagement with personalized promotions.
Lisa Carter,63,30147,0.7,12955.145,Regular,Engage & Upsell,Increase purchase frequency and average spending,Provide targeted discounts and product recommendations. Use loyalty programs to encourage repeat purchases. Maintain engagement with personalized promotions.
Jill Ward,21,99186,1.0,16959.3,Premium,Retain & Reward,Increase customer loyalty and lifetime value,Offer exclusive premium products and personalized deals. Provide loyalty rewards and early access to new products. Maintain engagement with frequent personalized campaigns.
Bruce Ramirez,34,74031,0.3,6510.465,Budget,Convert & Increase Value,Increase engagement and gradually improve spending,"Promote affordable products and value-for-money offers. Provide discounts, bundles, and seasonal promotions. Gradually encourage higher-value purchases through bundles."
John Swanson,19,44968,0.7,9973.88,Regular,Engage & Upsell,Increase purchase frequency and average spending,Provide targeted discounts and product recommendations. Use loyalty programs to encourage repeat purchases. Maintain engagement with personalized promotions.
Kenneth Vazquez,22,36169,0.1,880.845,Budget,Convert & Increase Value,Increase engagement and gradually improve spending,"Promote affordable products and value-for-money offers. Provide discounts, bundles, and seasonal promotions. Use low-cost promotional offers to encourage purchases."
Andrew Collier,40,72922,1.0,16646.1,Premium,Retain & Reward,Increase customer loyalty and lifetime value,Offer exclusive premium products and personalized deals. Provide loyalty rewards and early access to new products. Maintain engagement with frequent personalized campaigns.
Jason Pollard,62,79831,0.9,18892.395,Premium,Retain & Reward,Increase customer loyalty and lifetime value,Offer exclusive premium products and personalized deals. Provide loyalty rewards and early access to new products. Maintain engagement with frequent personalized campaigns.
Cathy Hunter,65,30544,0.1,2352.72,Budget,Convert & Increase Value,Increase engagement and gradually improve spending,"Promote affordable products and value-for-money offers. Provide discounts, bundles, and seasonal promotions. Use low-cost promotional offers to encourage purchases."
Bradley Rice,52,23643,0.9,18163.935,Regular,Engage & Upsell,Increase purchase frequency and average spending,Provide targeted discounts and product recommendations. Use loyalty programs to encourage repeat purchases. Maintain engagement with personalized promotions.
Brian Hamilton,24,66995,0.2,2669.95,Budget,Convert & Increase Value,Increase engagement and gradually improve spending,"Promote affordable products and value-for-money offers. Provide discounts, bundles, and seasonal promotions. Use low-cost promotional offers to encourage purchases."
Amber Moreno,48,87711,0.5,8692.775,Premium,Retain & Reward,Increase customer loyalty and lifetime value,Offer exclusive premium products and personalized deals. Provide loyalty rewards and early access to new products. Use targeted offers to increase purchase frequency.
Michael Snyder,20,64261,0.3,4863.915,Budget,Convert & Increase Value,Increase engagement and gradually improve spending,"Promote affordable products and value-for-money offers. Provide discounts, bundles, and seasonal promotions. Use low-cost promotional offers to encourage purchases."
Jeremy Hogan,53,42887,0.3,5143.305,Budget,Convert & Increase Value,Increase engagement and gradually improve spending,"Promote affordable products and value-for-money offers. Provide discounts, bundles, and seasonal promotions. Gradually encourage higher-value purchases through bundles."
Nicole Long,58,23125,0.8,14525.0,Regular,Engage & Upsell,Increase purchase frequency and average spending,Provide targeted discounts and product recommendations. Use loyalty programs to encourage repeat purchases. Maintain engagement with personalized promotions.
Glenda Watson,58,49678,0.4,6593.56,Budget,Convert & Increase Value,Increase engagement and gradually improve spending,"Promote affordable products and value-for-money offers. Provide discounts, bundles, and seasonal promotions. Gradually encourage higher-value purchases through bundles."
Veronica Adams,58,42284,0.4,8445.68,Budget,Convert & Increase Value,Increase engagement and gradually improve spending,"Promote affordable products and value-for-money offers. Provide discounts, bundles, and seasonal promotions. Gradually encourage higher-value purchases through bundles."
Dennis Watson,40,75148,0.8,13405.92,Premium,Retain & Reward,Increase customer loyalty and lifetime value,Offer exclusive premium products and personalized deals. Provide loyalty rewards and early access to new products. Maintain engagement with frequent personalized campaigns.
Sandra Garner,41,94044,0.1,2270.22,Budget,Convert & Increase Value,Increase engagement and gradually improve spending,"Promote affordable products and value-for-money offers. Provide discounts, bundles, and seasonal promotions. Use low-cost promotional offers to encourage purchases."
Michael Bishop,28,42539,0.3,5438.085,Budget,Convert & Increase Value,Increase engagement and gradually improve spending,"Promote affordable products and value-for-money offers. Provide discounts, bundles, and seasonal promotions. Gradually encourage higher-value purchases through bundles."
Ryan Hunter,19,86858,0.1,1434.29,Budget,Convert & Increase Value,Increase engagement and gradually improve spending,"Promote affordable products and value-for-money offers. Provide discounts, bundles, and seasonal promotions. Use low-cost promotional offers to encourage purchases."
Christopher Mendoza,20,95104,1.0,9755.2,Premium,Retain & Reward,Increase customer loyalty and lifetime value,Offer exclusive premium products and personalized deals. Provide loyalty rewards and early access to new products. Maintain engagement with frequent personalized campaigns.
Jesus Stewart,27,23465,0.7,12021.275,Regular,Engage & Upsell,Increase purchase frequency and average spending,Provide targeted discounts and product recommendations. Use loyalty programs to encourage repeat purchases. Maintain engagement with personalized promotions.
Breanna Griffin,45,38065,0.6,10141.95,Regular,Engage & Upsell,Increase purchase frequency and average spending,Provide targeted discounts and product recommendations. Use loyalty programs to encourage repeat purchases. Offer incentives to increase purchase frequency.
Karen Sanders,50,29574,0.3,5843.61,Budget,Convert & Increase Value,Increase engagement and gradually improve spending,"Promote affordable products and value-for-money offers. Provide discounts, bundles, and seasonal promotions. Gradually encourage higher-value purchases through bundles."
Christopher Knox,44,76562,0.7,11079.67,Premium,Retain & Reward,Increase customer loyalty and lifetime value,Offer exclusive premium products and personalized deals. Provide loyalty rewards and early access to new products. Use targeted offers to increase purchase frequency.
Laurie Willis,33,49495,0.7,14332.325,Regular,Engage & Upsell,Increase purchase frequency and average spending,Provide targeted discounts and product recommendations. Use loyalty programs to encourage repeat purchases. Maintain engagement with personalized promotions.
Terri Lara,33,96202,0.2,4562.02,Budget,Convert & Increase Value,Increase engagement and gradually improve spending,"Promote affordable products and value-for-money offers. Provide discounts, bundles, and seasonal promotions. Use low-cost promotional offers to encourage purchases."
Clifford Haynes,34,91085,0.1,1955.425,Budget,Convert & Increase Value,Increase engagement and gradually improve spending,"Promote affordable products and value-for-money offers. Provide discounts, bundles, and seasonal promotions. Use low-cost promotional offers to encourage purchases."
Amy Petty,56,56212,0.1,1981.06,Budget,Convert & Increase Value,Increase engagement and gradually improve spending,"Promote affordable products and value-for-money offers. Provide discounts, bundles, and seasonal promotions. Use low-cost promotional offers to encourage purchases."
Matthew Lopez,57,33980,0.9,21329.1,Regular,Engage & Upsell,Increase purchase frequency and average spending,Provide targeted discounts and product recommendations. Use loyalty programs to encourage repeat purchases. Maintain engagement with personalized promotions.
Amanda Rice,21,23512,0.7,9922.92,Regular,Engage & Upsell,Increase purchase frequency and average spending,Provide targeted discounts and product recommendations. Use loyalty programs to encourage repeat purchases. Maintain engagement with personalized promotions.
Sylvia Lee,64,33738,0.8,18949.52,Regular,Engage & Upsell,Increase purchase frequency and average spending,Provide targeted discounts and product recommendations. Use loyalty programs to encourage repeat purchases. Maintain engagement with personalized promotions.
Leslie Sullivan,56,42230,0.6,11466.9,Regular,Engage & Upsell,Increase purchase frequency and average spending,Provide targeted discounts and product recommendations. Use loyalty programs to encourage repeat purchases. Offer incentives to increase purchase frequency.
Lisa Reyes,48,97359,0.5,9933.975,Premium,Retain & Reward,Increase customer loyalty and lifetime value,Offer exclusive premium products and personalized deals. Provide loyalty rewards and early access to new products. Use targeted offers to increase purchase frequency.
Mr. Curtis Kemp,50,65274,0.3,5479.11,Budget,Convert & Increase Value,Increase engagement and gradually improve spending,"Promote affordable products and value-for-money offers. Provide discounts, bundles, and seasonal promotions. Gradually encourage higher-value purchases through bundles."
Roberta Morgan,58,87989,0.1,2639.945,Budget,Convert & Increase Value,Increase engagement and gradually improve spending,"Promote affordable products and value-for-money offers. Provide discounts, bundles, and seasonal promotions. Use low-cost promotional offers to encourage purchases."
Erik Brown,30,96504,0.6,10695.12,Premium,Retain & Reward,Increase customer loyalty and lifetime value,Offer exclusive premium products and personalized deals. Provide loyalty rewards and early access to new products. Use targeted offers to increase purchase frequency.
Todd Gonzalez,36,58156,0.9,13417.02,Premium,Retain & Reward,Increase customer loyalty and lifetime value,Offer exclusive premium products and personalized deals. Provide loyalty rewards and early access to new products. Maintain engagement with frequent personalized campaigns.
Jennifer Taylor,45,55267,0.7,14534.345,Regular,Engage & Upsell,Increase purchase frequency and average spending,Provide targeted discounts and product recommendations. Use loyalty programs to encourage repeat purchases. Maintain engagement with personalized promotions.
Ana Ryan,64,37584,0.3,5663.76,Budget,Convert & Increase Value,Increase engagement and gradually improve spending,"Promote affordable products and value-for-money offers. Provide discounts, bundles, and seasonal promotions. Gradually encourage higher-value purchases through bundles."
Dr. Robert King Jr.,25,24092,0.7,7843.22,Regular,Engage & Upsell,Increase purchase frequency and average spending,Provide targeted discounts and product recommendations. Use loyalty programs to encourage repeat purchases. Maintain engagement with personalized promotions.
Ian Moon,54,29983,0.2,4699.83,Budget,Convert & Increase Value,Increase engagement and gradually improve spending,"Promote affordable products and value-for-money offers. Provide discounts, bundles, and seasonal promotions. Use low-cost promotional offers to encourage purchases."
Jason Wagner,45,40049,0.4,6000.98,Budget,Convert & Increase Value,Increase engagement and gradually improve spending,"Promote affordable products and value-for-money offers. Provide discounts, bundles, and seasonal promotions. Gradually encourage higher-value purchases through bundles."
Jacob Adkins,28,88852,0.3,3732.78,Budget,Convert & Increase Value,Increase engagement and gradually improve spending,"Promote affordable products and value-for-money offers. Provide discounts, bundles, and seasonal promotions. Use low-cost promotional offers to encourage purchases."
Thomas Anderson,49,63931,0.2,4039.31,Budget,Convert & Increase Value,Increase engagement and gradually improve spending,"Promote affordable products and value-for-money offers. Provide discounts, bundles, and seasonal promotions. Use low-cost promotional offers to encourage purchases."
Maria Patel,44,64888,0.9,16419.96,Premium,Retain & Reward,Increase customer loyalty and lifetime value,Offer exclusive premium products and personalized deals. Provide loyalty rewards and early access to new products. Maintain engagement with frequent personalized campaigns.
Michelle Rivera,39,92807,0.5,11320.175,Premium,Retain & Reward,Increase customer loyalty and lifetime value,Offer exclusive premium products and personalized deals. Provide loyalty rewards and early access to new products. Use targeted offers to increase purchase frequency.
Zachary Romero,33,71152,0.8,14846.08,Premium,Retain & Reward,Increase customer loyalty and lifetime value,Offer exclusive premium products and personalized deals. Provide loyalty rewards and early access to new products. Maintain engagement with frequent personalized campaigns.
George Walker,50,73254,0.2,4732.54,Budget,Convert & Increase Value,Increase engagement and gradually improve spending,"Promote affordable products and value-for-money offers. Provide discounts, bundles, and seasonal promotions. Use low-cost promotional offers to encourage purchases."
Amanda Walker,61,20644,1.0,16032.2,Regular,Engage & Upsell,Increase purchase frequency and average spending,Provide targeted discounts and product recommendations. Use loyalty programs to encourage repeat purchases. Maintain engagement with personalized promotions.
Mr. Richard Barry Jr.,56,98090,1.0,19904.5,Premium,Retain & Reward,Increase customer loyalty and lifetime value,Offer exclusive premium products and personalized deals. Provide loyalty rewards and early access to new products. Maintain engagement with frequent personalized campaigns.
Lindsey Rodriguez,50,42103,0.7,11973.605,Regular,Engage & Upsell,Increase purchase frequency and average spending,Provide targeted discounts and product recommendations. Use loyalty programs to encourage repeat purchases. Maintain engagement with personalized promotions.
Deborah Vasquez,23,35125,0.6,4053.75,Budget,Convert & Increase Value,Increase engagement and gradually improve spending,"Promote affordable products and value-for-money offers. Provide discounts, bundles, and seasonal promotions. Use low-cost promotional offers to encourage purchases."
Matthew Leach,64,34174,0.8,16566.96,Regular,Engage & Upsell,Increase purchase frequency and average spending,Provide targeted discounts and product recommendations. Use loyalty programs to encourage repeat purchases. Maintain engagement with personalized promotions.
Jeremy Thomas,41,49978,0.3,6749.67,Budget,Convert & Increase Value,Increase engagement and gradually improve spending,"Promote affordable products and value-for-money offers. Provide discounts, bundles, and seasonal promotions. Gradually encourage higher-value purchases through bundles."
Jessica Hall,53,23379,0.3,4850.685,Budget,Convert & Increase Value,Increase engagement and gradually improve spending,"Promote affordable products and value-for-money offers. Provide discounts, bundles, and seasonal promotions. Use low-cost promotional offers to encourage purchases."
Christopher Owens,51,77433,0.7,14610.155,Premium,Retain & Reward,Increase customer loyalty and lifetime value,Offer exclusive premium products and personalized deals. Provide loyalty rewards and early access to new products. Use targeted offers to increase purchase frequency.
Sydney Molina,34,70884,0.3,4363.26,Budget,Convert & Increase Value,Increase engagement and gradually improve spending,"Promote affordable products and value-for-money offers. Provide discounts, bundles, and seasonal promotions. Use low-cost promotional offers to encourage purchases."
Christopher Allen,46,31376,1.0,19568.8,Regular,Engage & Upsell,Increase purchase frequency and average spending,Provide targeted discounts and product recommendations. Use loyalty programs to encourage repeat purchases. Maintain engagement with personalized promotions.
Nancy Wright,43,86426,0.8,15457.04,Premium,Retain & Reward,Increase customer loyalty and lifetime value,Offer exclusive premium products and personalized deals. Provide loyalty rewards and early access to new products. Maintain engagement with frequent personalized campaigns.
Jaime Rodgers,20,55217,0.9,8784.765,Premium,Retain & Reward,Increase customer loyalty and lifetime value,Offer exclusive premium products and personalized deals. Provide loyalty rewards and early access to new products. Maintain engagement with frequent personalized campaigns.
Joyce Cook,49,54774,0.3,6821.61,Budget,Convert & Increase Value,Increase engagement and gradually improve spending,"Promote affordable products and value-for-money offers. Provide discounts, bundles, and seasonal promotions. Gradually encourage higher-value purchases through bundles."
Alex Sanchez,32,59643,1.0,15982.15,Premium,Retain & Reward,Increase customer loyalty and lifetime value,Offer exclusive premium products and personalized deals. Provide loyalty rewards and early access to new products. Maintain engagement with frequent personalized campaigns.
Willie Lawson PhD,27,28977,0.8,9159.08,Regular,Engage & Upsell,Increase purchase frequency and average spending,Provide targeted discounts and product recommendations. Use loyalty programs to encourage repeat purchases. Maintain engagement with personalized promotions.
Russell Young,43,54803,0.8,11792.12,Regular,Engage & Upsell,Increase purchase frequency and average spending,Provide targeted discounts and product recommendations. Use loyalty programs to encourage repeat purchases. Maintain engagement with personalized promotions.
Matthew Rojas,32,38490,0.6,8954.7,Regular,Engage & Upsell,Increase purchase frequency and average spending,Provide targeted discounts and product recommendations. Use loyalty programs to encourage repeat purchases. Offer incentives to increase purchase frequency.
Mark Burton,24,37931,1.0,6896.55,Regular,Engage & Upsell,Increase purchase frequency and average spending,Provide targeted discounts and product recommendations. Use loyalty programs to encourage repeat purchases. Maintain engagement with personalized promotions.
Jennifer Li,53,24333,0.7,9251.655,Regular,Engage & Upsell,Increase purchase frequency and average spending,Provide targeted discounts and product recommendations. Use loyalty programs to encourage repeat purchases. Maintain engagement with personalized promotions.
Joseph Ramos,53,81992,0.9,16289.64,Premium,Retain & Reward,Increase customer loyalty and lifetime value,Offer exclusive premium products and personalized deals. Provide loyalty rewards and early access to new products. Maintain engagement with frequent personalized campaigns.
Christopher Owen MD,40,20674,0.4,5213.48,Budget,Convert & Increase Value,Increase engagement and gradually improve spending,"Promote affordable products and value-for-money offers. Provide discounts, bundles, and seasonal promotions. Gradually encourage higher-value purchases through bundles."
Rebekah Dorsey,32,55973,0.4,7119.46,Budget,Convert & Increase Value,Increase engagement and gradually improve spending,"Promote affordable products and value-for-money offers. Provide discounts, bundles, and seasonal promotions. Gradually encourage higher-value purchases through bundles."
Hunter Phillips,18,86712,0.6,9801.36,Premium,Retain & Reward,Increase customer loyalty and lifetime value,Offer exclusive premium products and personalized deals. Provide loyalty rewards and early access to new products. Use targeted offers to increase purchase frequency.
Diane Evans,23,95191,0.7,10331.685,Premium,Retain & Reward,Increase customer loyalty and lifetime value,Offer exclusive premium products and personalized deals. Provide loyalty rewards and early access to new products. Use targeted offers to increase purchase frequency.
Eric Allen,32,39067,0.4,7981.34,Budget,Convert & Increase Value,Increase engagement and gradually improve spending,"Promote affordable products and value-for-money offers. Provide discounts, bundles, and seasonal promotions. Gradually encourage higher-value purchases through bundles."
Sierra Harmon,36,67076,0.5,10676.9,Premium,Retain & Reward,Increase customer loyalty and lifetime value,Offer exclusive premium products and personalized deals. Provide loyalty rewards and early access to new products. Use targeted offers to increase purchase frequency.
Aimee Mitchell,42,72585,0.6,8177.55,Premium,Retain & Reward,Increase customer loyalty and lifetime value,Offer exclusive premium products and personalized deals. Provide loyalty rewards and early access to new products. Use targeted offers to increase purchase frequency.
Kyle Gilmore,50,69012,0.6,11070.36,Premium,Retain & Reward,Increase customer loyalty and lifetime value,Offer exclusive premium products and personalized deals. Provide loyalty rewards and early access to new products. Use targeted offers to increase purchase frequency.
Andrew Cook,45,72543,0.5,10313.575,Premium,Retain & Reward,Increase customer loyalty and lifetime value,Offer exclusive premium products and personalized deals. Provide loyalty rewards and early access to new products. Use targeted offers to increase purchase frequency.
Joseph Wilson,24,35810,0.8,11032.4,Regular,Engage & Upsell,Increase purchase frequency and average spending,Provide targeted discounts and product recommendations. Use loyalty programs to encourage repeat purchases. Maintain engagement with personalized promotions.
Randy Ramirez,27,44502,0.6,9135.06,Budget,Convert & Increase Value,Increase engagement and gradually improve spending,"Promote affordable products and value-for-money offers. Provide discounts, bundles, and seasonal promotions. Gradually encourage higher-value purchases through bundles."
Hannah Gibson,49,70319,0.7,9461.165,Premium,Retain & Reward,Increase customer loyalty and lifetime value,Offer exclusive premium products and personalized deals. Provide loyalty rewards and early access to new products. Use targeted offers to increase purchase frequency.
Michael Watson,47,72335,0.9,16755.075,Premium,Retain & Reward,Increase customer loyalty and lifetime value,Offer exclusive premium products and personalized deals. Provide loyalty rewards and early access to new products. Maintain engagement with frequent personalized campaigns.
Dr. John Moore,37,61225,0.9,16255.125,Premium,Retain & Reward,Increase customer loyalty and lifetime value,Offer exclusive premium products and personalized deals. Provide loyalty rewards and early access to new products. Maintain engagement with frequent personalized campaigns.
Jason Thomas,61,81835,0.6,9655.05,Premium,Retain & Reward,Increase customer loyalty and lifetime value,Offer exclusive premium products and personalized deals. Provide loyalty rewards and early access to new products. Use targeted offers to increase purchase frequency.
Austin Johns,43,26373,1.0,19318.65,Regular,Engage & Upsell,Increase purchase frequency and average spending,Provide targeted discounts and product recommendations. Use loyalty programs to encourage repeat purchases. Maintain engagement with personalized promotions.
Derek Miranda,20,54532,0.4,3890.64,Budget,Convert & Increase Value,Increase engagement and gradually improve spending,"Promote affordable products and value-for-money offers. Provide discounts, bundles, and seasonal promotions. Use low-cost promotional offers to encourage purchases."
Brandon Gardner,64,34825,0.3,5622.375,Budget,Convert & Increase Value,Increase engagement and gradually improve spending,"Promote affordable products and value-for-money offers. Provide discounts, bundles, and seasonal promotions. Gradually encourage higher-value purchases through bundles."
Walter Simmons,62,50635,0.1,1653.175,Budget,Convert & Increase Value,Increase engagement and gradually improve spending,"Promote affordable products and value-for-money offers. Provide discounts, bundles, and seasonal promotions. Use low-cost promotional offers to encourage purchases."
Michael Mason,18,36994,0.2,1769.94,Budget,Convert & Increase Value,Increase engagement and gradually improve spending,"Promote affordable products and value-for-money offers. Provide discounts, bundles, and seasonal promotions. Use low-cost promotional offers to encourage purchases."
Stanley Thomas,56,81091,0.4,6421.82,Budget,Convert & Increase Value,Increase engagement and gradually improve spending,"Promote affordable products and value-for-money offers. Provide discounts, bundles, and seasonal promotions. Gradually encourage higher-value purchases through bundles."
Robert Roman,18,90376,0.3,3455.64,Budget,Convert & Increase Value,Increase engagement and gradually improve spending,"Promote affordable products and value-for-money offers. Provide discounts, bundles, and seasonal promotions. Use low-cost promotional offers to encourage purchases."
Kenneth Evans,32,70060,0.8,15602.4,Premium,Retain & Reward,Increase customer loyalty and lifetime value,Offer exclusive premium products and personalized deals. Provide loyalty rewards and early access to new products. Maintain engagement with frequent personalized campaigns.
Edward Ewing,18,69970,0.1,1349.85,Budget,Convert & Increase Value,Increase engagement and gradually improve spending,"Promote affordable products and value-for-money offers. Provide discounts, bundles, and seasonal promotions. Use low-cost promotional offers to encourage purchases."
Raymond Adkins,57,96390,0.6,11291.7,Premium,Retain & Reward,Increase customer loyalty and lifetime value,Offer exclusive premium products and personalized deals. Provide loyalty rewards and early access to new products. Use targeted offers to increase purchase frequency.
Hayley Powell DVM,63,79495,0.3,6892.425,Budget,Convert & Increase Value,Increase engagement and gradually improve spending,"Promote affordable products and value-for-money offers. Provide discounts, bundles, and seasonal promotions. Gradually encourage higher-value purchases through bundles."
Lindsay Hopkins,56,33534,0.2,3735.34,Budget,Convert & Increase Value,Increase engagement and gradually improve spending,"Promote affordable products and value-for-money offers. Provide discounts, bundles, and seasonal promotions. Use low-cost promotional offers to encourage purchases."
Maria Torres,35,37813,0.7,9023.455,Regular,Engage & Upsell,Increase purchase frequency and average spending,Provide targeted discounts and product recommendations. Use loyalty programs to encourage repeat purchases. Maintain engagement with personalized promotions.
Jeffrey Moreno,31,75203,0.9,15084.135,Premium,Retain & Reward,Increase customer loyalty and lifetime value,Offer exclusive premium products and personalized deals. Provide loyalty rewards and early access to new products. Maintain engagement with frequent personalized campaigns.
James Owens,50,82208,0.2,2822.08,Budget,Convert & Increase Value,Increase engagement and gradually improve spending,"Promote affordable products and value-for-money offers. Provide discounts, bundles, and seasonal promotions. Use low-cost promotional offers to encourage purchases."
Rebecca Blevins,50,43419,0.8,17736.76,Regular,Engage & Upsell,Increase purchase frequency and average spending,Provide targeted discounts and product recommendations. Use loyalty programs to encourage repeat purchases. Maintain engagement with personalized promotions.
Chelsea French,53,74554,0.5,10363.85,Premium,Retain & Reward,Increase customer loyalty and lifetime value,Offer exclusive premium products and personalized deals. Provide loyalty rewards and early access to new products. Use targeted offers to increase purchase frequency.
Andrew Farmer,42,50613,0.8,14024.52,Regular,Engage & Upsell,Increase purchase frequency and average spending,Provide targeted discounts and product recommendations. Use loyalty programs to encourage repeat purchases. Maintain engagement with personalized promotions.
Lisa Romero,33,73776,0.1,2168.88,Budget,Convert & Increase Value,Increase engagement and gradually improve spending,"Promote affordable products and value-for-money offers. Provide discounts, bundles, and seasonal promotions. Use low-cost promotional offers to encourage purchases."
Dominic Vargas,46,78468,0.4,8769.36,Budget,Convert & Increase Value,Increase engagement and gradually improve spending,"Promote affordable products and value-for-money offers. Provide discounts, bundles, and seasonal promotions. Gradually encourage higher-value purchases through bundles."
Ebony Howell,45,82551,0.8,15302.04,Premium,Retain & Reward,Increase customer loyalty and lifetime value,Offer exclusive premium products and personalized deals. Provide loyalty rewards and early access to new products. Maintain engagement with frequent personalized campaigns.
William Powell,27,57161,0.6,11314.83,Premium,Retain & Reward,Increase customer loyalty and lifetime value,Offer exclusive premium products and personalized deals. Provide loyalty rewards and early access to new products. Use targeted offers to increase purchase frequency.
Christopher Woods,59,88469,0.2,4284.69,Budget,Convert & Increase Value,Increase engagement and gradually improve spending,"Promote affordable products and value-for-money offers. Provide discounts, bundles, and seasonal promotions. Use low-cost promotional offers to encourage purchases."
Micheal Williams,30,27732,0.3,3415.98,Budget,Convert & Increase Value,Increase engagement and gradually improve spending,"Promote affordable products and value-for-money offers. Provide discounts, bundles, and seasonal promotions. Use low-cost promotional offers to encourage purchases."
Thomas Williams,39,41018,0.8,13640.72,Regular,Engage & Upsell,Increase purchase frequency and average spending,Provide targeted discounts and product recommendations. Use loyalty programs to encourage repeat purchases. Maintain engagement with personalized promotions.
Jared Adams,42,85024,0.4,8900.48,Budget,Convert & Increase Value,Increase engagement and gradually improve spending,"Promote affordable products and value-for-money offers. Provide discounts, bundles, and seasonal promotions. Gradually encourage higher-value purchases through bundles."
Tracy Johnston,28,64428,0.9,11899.26,Premium,Retain & Reward,Increase customer loyalty and lifetime value,Offer exclusive premium products and personalized deals. Provide loyalty rewards and early access to new products. Maintain engagement with frequent personalized campaigns.
Laura Carter,30,88053,0.9,15662.385,Premium,Retain & Reward,Increase customer loyalty and lifetime value,Offer exclusive premium products and personalized deals. Provide loyalty rewards and early access to new products. Maintain engagement with frequent personalized campaigns.
Rebecca Palmer,63,84676,1.0,21233.8,Premium,Retain & Reward,Increase customer loyalty and lifetime value,Offer exclusive premium products and personalized deals. Provide loyalty rewards and early access to new products. Maintain engagement with frequent personalized campaigns.
Adrienne Buchanan,31,51846,0.8,10073.84,Regular,Engage & Upsell,Increase purchase frequency and average spending,Provide targeted discounts and product recommendations. Use loyalty programs to encourage repeat purchases. Maintain engagement with personalized promotions.
Matthew Perry,56,20067,0.1,1800.335,Budget,Convert & Increase Value,Increase engagement and gradually improve spending,"Promote affordable products and value-for-money offers. Provide discounts, bundles, and seasonal promotions. Use low-cost promotional offers to encourage purchases."
Richard Johnson,21,78093,1.0,11904.65,Premium,Retain & Reward,Increase customer loyalty and lifetime value,Offer exclusive premium products and personalized deals. Provide loyalty rewards and early access to new products. Maintain engagement with frequent personalized campaigns.
Olivia Johnson,32,57538,0.6,11326.14,Premium,Retain & Reward,Increase customer loyalty and lifetime value,Offer exclusive premium products and personalized deals. Provide loyalty rewards and early access to new products. Use targeted offers to increase purchase frequency.
Richard Michael,49,68842,0.9,14797.89,Premium,Retain & Reward,Increase customer loyalty and lifetime value,Offer exclusive premium products and personalized deals. Provide loyalty rewards and early access to new products. Maintain engagement with frequent personalized campaigns.
Miguel Fowler,40,77527,0.6,14325.81,Premium,Retain & Reward,Increase customer loyalty and lifetime value,Offer exclusive premium products and personalized deals. Provide loyalty rewards and early access to new products. Use targeted offers to increase purchase frequency.
Virginia Huynh,47,48806,0.2,3088.06,Budget,Convert & Increase Value,Increase engagement and gradually improve spending,"Promote affordable products and value-for-money offers. Provide discounts, bundles, and seasonal promotions. Use low-cost promotional offers to encourage purchases."
Jerry Warren,27,90856,0.4,9017.12,Premium,Retain & Reward,Increase customer loyalty and lifetime value,Offer exclusive premium products and personalized deals. Provide loyalty rewards and early access to new products. Use targeted offers to increase purchase frequency.
Bradley Lowe,41,73233,0.4,5464.66,Budget,Convert & Increase Value,Increase engagement and gradually improve spending,"Promote affordable products and value-for-money offers. Provide discounts, bundles, and seasonal promotions. Gradually encourage higher-value purchases through bundles."
Daniel Kennedy,23,90889,0.4,7817.78,Budget,Convert & Increase Value,Increase engagement and gradually improve spending,"Promote affordable products and value-for-money offers. Provide discounts, bundles, and seasonal promotions. Gradually encourage higher-value purchases through bundles."
Jason Munoz,58,89578,0.8,15583.12,Premium,Retain & Reward,Increase customer loyalty and lifetime value,Offer exclusive premium products and personalized deals. Provide loyalty rewards and early access to new products. Maintain engagement with frequent personalized campaigns.
Andrew Gould,37,30260,1.0,13513.0,Regular,Engage & Upsell,Increase purchase frequency and average spending,Provide targeted discounts and product recommendations. Use loyalty programs to encourage repeat purchases. Maintain engagement with personalized promotions.
Gary Smith,64,46732,0.7,11435.62,Regular,Engage & Upsell,Increase purchase frequency and average spending,Provide targeted discounts and product recommendations. Use loyalty programs to encourage repeat purchases. Maintain engagement with personalized promotions.
Katherine Grant,57,30972,0.1,2054.86,Budget,Convert & Increase Value,Increase engagement and gradually improve spending,"Promote affordable products and value-for-money offers. Provide discounts, bundles, and seasonal promotions. Use low-cost promotional offers to encourage purchases."
Anthony Brown,33,40103,0.8,12004.12,Regular,Engage & Upsell,Increase purchase frequency and average spending,Provide targeted discounts and product recommendations. Use loyalty programs to encourage repeat purchases. Maintain engagement with personalized promotions.
Paul Williams,34,56497,0.4,7529.94,Budget,Convert & Increase Value,Increase engagement and gradually improve spending,"Promote affordable products and value-for-money offers. Provide discounts, bundles, and seasonal promotions. Gradually encourage higher-value purchases through bundles."
Robin Solis MD,42,49924,1.0,19496.2,Regular,Engage & Upsell,Increase purchase frequency and average spending,Provide targeted discounts and product recommendations. Use loyalty programs to encourage repeat purchases. Maintain engagement with personalized promotions.
Elizabeth Castillo DVM,34,40288,0.6,6008.64,Budget,Convert & Increase Value,Increase engagement and gradually improve spending,"Promote affordable products and value-for-money offers. Provide discounts, bundles, and seasonal promotions. Gradually encourage higher-value purchases through bundles."
Antonio Rodriguez,58,89116,0.8,14764.64,Premium,Retain & Reward,Increase customer loyalty and lifetime value,Offer exclusive premium products and personalized deals. Provide loyalty rewards and early access to new products. Maintain engagement with frequent personalized campaigns.
John Kelly,45,23183,0.2,4231.83,Budget,Convert & Increase Value,Increase engagement and gradually improve spending,"Promote affordable products and value-for-money offers. Provide discounts, bundles, and seasonal promotions. Use low-cost promotional offers to encourage purchases."
Michael Stone,45,24079,0.2,2840.79,Budget,Convert & Increase Value,Increase engagement and gradually improve spending,"Promote affordable products and value-for-money offers. Provide discounts, bundles, and seasonal promotions. Use low-cost promotional offers to encourage purchases."
Tara Bean,63,24166,0.5,9104.15,Regular,Engage & Upsell,Increase purchase frequency and average spending,Provide targeted discounts and product recommendations. Use loyalty programs to encourage repeat purchases. Offer incentives to increase purchase frequency.
Joshua Brown,34,65065,0.5,6626.625,Budget,Convert & Increase Value,Increase engagement and gradually improve spending,"Promote affordable products and value-for-money offers. Provide discounts, bundles, and seasonal promotions. Gradually encourage higher-value purchases through bundles."
Derrick Miller,41,64400,0.9,11898.0,Premium,Retain & Reward,Increase customer loyalty and lifetime value,Offer exclusive premium products and personalized deals. Provide loyalty rewards and early access to new products. Maintain engagement with frequent personalized campaigns.
Kelly Beck,53,84940,0.1,1924.7,Budget,Convert & Increase Value,Increase engagement and gradually improve spending,"Promote affordable products and value-for-money offers. Provide discounts, bundles, and seasonal promotions. Use low-cost promotional offers to encourage purchases."
Shaun Barnett,58,38044,0.6,12541.32,Regular,Engage & Upsell,Increase purchase frequency and average spending,Provide targeted discounts and product recommendations. Use loyalty programs to encourage repeat purchases. Offer incentives to increase purchase frequency.
Jody Williams,24,52967,1.0,9648.35,Regular,Engage & Upsell,Increase purchase frequency and average spending,Provide targeted discounts and product recommendations. Use loyalty programs to encourage repeat purchases. Maintain engagement with personalized promotions.
Sheryl Cook,24,83605,0.1,1218.025,Budget,Convert & Increase Value,Increase engagement and gradually improve spending,"Promote affordable products and value-for-money offers. Provide discounts, bundles, and seasonal promotions. Use low-cost promotional offers to encourage purchases."
Joseph Caldwell,51,32689,0.9,16771.005,Regular,Engage & Upsell,Increase purchase frequency and average spending,Provide targeted discounts and product recommendations. Use loyalty programs to encourage repeat purchases. Maintain engagement with personalized promotions.
Morgan Williams,63,50166,0.7,12255.81,Regular,Engage & Upsell,Increase purchase frequency and average spending,Provide targeted discounts and product recommendations. Use loyalty programs to encourage repeat purchases. Maintain engagement with personalized promotions.
Jeffrey Nicholson,30,40704,0.5,8517.6,Budget,Convert & Increase Value,Increase engagement and gradually improve spending,"Promote affordable products and value-for-money offers. Provide discounts, bundles, and seasonal promotions. Gradually encourage higher-value purchases through bundles."
Erin Proctor,64,48320,0.8,15532.8,Regular,Engage & Upsell,Increase purchase frequency and average spending,Provide targeted discounts and product recommendations. Use loyalty programs to encourage repeat purchases. Maintain engagement with personalized promotions.
Nicholas Moore,38,93544,0.1,1967.72,Budget,Convert & Increase Value,Increase engagement and gradually improve spending,"Promote affordable products and value-for-money offers. Provide discounts, bundles, and seasonal promotions. Use low-cost promotional offers to encourage purchases."
Jonathon Lara,23,62371,0.1,1511.855,Budget,Convert & Increase Value,Increase engagement and gradually improve spending,"Promote affordable products and value-for-money offers. Provide discounts, bundles, and seasonal promotions. Use low-cost promotional offers to encourage purchases."
Carla Nielsen,23,35028,0.3,3525.42,Budget,Convert & Increase Value,Increase engagement and gradually improve spending,"Promote affordable products and value-for-money offers. Provide discounts, bundles, and seasonal promotions. Use low-cost promotional offers to encourage purchases."
Scott Thompson,63,87201,0.9,19224.045,Premium,Retain & Reward,Increase customer loyalty and lifetime value,Offer exclusive premium products and personalized deals. Provide loyalty rewards and early access to new products. Maintain engagement with frequent personalized campaigns.
Seth Vaughan,40,74344,0.9,14145.48,Premium,Retain & Reward,Increase customer loyalty and lifetime value,Offer exclusive premium products and personalized deals. Provide loyalty rewards and early access to new products. Maintain engagement with frequent personalized campaigns.
Alexandra Baker,52,30534,1.0,15526.7,Regular,Engage & Upsell,Increase purchase frequency and average spending,Provide targeted discounts and product recommendations. Use loyalty programs to encourage repeat purchases. Maintain engagement with personalized promotions.
Tony Jones,47,58871,0.4,7177.42,Budget,Convert & Increase Value,Increase engagement and gradually improve spending,"Promote affordable products and value-for-money offers. Provide discounts, bundles, and seasonal promotions. Gradually encourage higher-value purchases through bundles."
Thomas Young,58,24108,0.1,2020.54,Budget,Convert & Increase Value,Increase engagement and gradually improve spending,"Promote affordable products and value-for-money offers. Provide discounts, bundles, and seasonal promotions. Use low-cost promotional offers to encourage purchases."
Debra Fleming,18,61040,0.6,6031.2,Budget,Convert & Increase Value,Increase engagement and gradually improve spending,"Promote affordable products and value-for-money offers. Provide discounts, bundles, and seasonal promotions. Gradually encourage higher-value purchases through bundles."
Emily Ortiz,53,52612,0.9,14967.54,Regular,Engage & Upsell,Increase purchase frequency and average spending,Provide targeted discounts and product recommendations. Use loyalty programs to encourage repeat purchases. Maintain engagement with personalized promotions.
Jennifer Hayes,26,70936,0.7,9482.76,Premium,Retain & Reward,Increase customer loyalty and lifetime value,Offer exclusive premium products and personalized deals. Provide loyalty rewards and early access to new products. Use targeted offers to increase purchase frequency.
David Simmons,35,60992,0.9,14444.64,Premium,Retain & Reward,Increase customer loyalty and lifetime value,Offer exclusive premium products and personalized deals. Provide loyalty rewards and early access to new products. Maintain engagement with frequent personalized campaigns.
Samantha Jones,49,75529,0.6,9465.87,Premium,Retain & Reward,Increase customer loyalty and lifetime value,Offer exclusive premium products and personalized deals. Provide loyalty rewards and early access to new products. Use targeted offers to increase purchase frequency.
Taylor Peterson,28,82563,0.7,10589.705,Premium,Retain & Reward,Increase customer loyalty and lifetime value,Offer exclusive premium products and personalized deals. Provide loyalty rewards and early access to new products. Use targeted offers to increase purchase frequency.
Joshua Grant,19,60409,0.2,1604.09,Budget,Convert & Increase Value,Increase engagement and gradually improve spending,"Promote affordable products and value-for-money offers. Provide discounts, bundles, and seasonal promotions. Use low-cost promotional offers to encourage purchases."
David Lee,29,21991,0.6,10259.73,Regular,Engage & Upsell,Increase purchase frequency and average spending,Provide targeted discounts and product recommendations. Use loyalty programs to encourage repeat purchases. Offer incentives to increase purchase frequency.
Virginia Wolfe,51,89118,0.4,7382.36,Budget,Convert & Increase Value,Increase engagement and gradually improve spending,"Promote affordable products and value-for-money offers. Provide discounts, bundles, and seasonal promotions. Gradually encourage higher-value purchases through bundles."
William Davidson,49,72981,0.7,14454.335,Premium,Retain & Reward,Increase customer loyalty and lifetime value,Offer exclusive premium products and personalized deals. Provide loyalty rewards and early access to new products. Use targeted offers to increase purchase frequency.
Anna Schroeder,48,88712,0.6,10461.36,Premium,Retain & Reward,Increase customer loyalty and lifetime value,Offer exclusive premium products and personalized deals. Provide loyalty rewards and early access to new products. Use targeted offers to increase purchase frequency.
James Henderson,30,49007,0.5,6725.175,Budget,Convert & Increase Value,Increase engagement and gradually improve spending,"Promote affordable products and value-for-money offers. Provide discounts, bundles, and seasonal promotions. Gradually encourage higher-value purchases through bundles."
Steven Wagner,27,91325,0.1,1756.625,Budget,Convert & Increase Value,Increase engagement and gradually improve spending,"Promote affordable products and value-for-money offers. Provide discounts, bundles, and seasonal promotions. Use low-cost promotional offers to encourage purchases."
Steven Novak,29,40557,0.4,7211.14,Budget,Convert & Increase Value,Increase engagement and gradually improve spending,"Promote affordable products and value-for-money offers. Provide discounts, bundles, and seasonal promotions. Gradually encourage higher-value purchases through bundles."
Sean Evans,53,52499,0.9,15862.455,Regular,Engage & Upsell,Increase purchase frequency and average spending,Provide targeted discounts and product recommendations. Use loyalty programs to encourage repeat purchases. Maintain engagement with personalized promotions.
Charles Molina,37,46186,0.1,2030.93,Budget,Convert & Increase Value,Increase engagement and gradually improve spending,"Promote affordable products and value-for-money offers. Provide discounts, bundles, and seasonal promotions. Use low-cost promotional offers to encourage purchases."
Cynthia Oneal,44,86260,0.7,15619.1,Premium,Retain & Reward,Increase customer loyalty and lifetime value,Offer exclusive premium products and personalized deals. Provide loyalty rewards and early access to new products. Use targeted offers to increase purchase frequency.
Nathaniel Peters,31,33505,0.3,5902.575,Budget,Convert & Increase Value,Increase engagement and gradually improve spending,"Promote affordable products and value-for-money offers. Provide discounts, bundles, and seasonal promotions. Gradually encourage higher-value purchases through bundles."
Daniel Chen,23,21382,0.4,2427.64,Budget,Convert & Increase Value,Increase engagement and gradually improve spending,"Promote affordable products and value-for-money offers. Provide discounts, bundles, and seasonal promotions. Use low-cost promotional offers to encourage purchases."
Benjamin Murphy,65,56148,0.7,17365.18,Regular,Engage & Upsell,Increase purchase frequency and average spending,Provide targeted discounts and product recommendations. Use loyalty programs to encourage repeat purchases. Maintain engagement with personalized promotions.
John White,40,30044,0.3,5550.66,Budget,Convert & Increase Value,Increase engagement and gradually improve spending,"Promote affordable products and value-for-money offers. Provide discounts, bundles, and seasonal promotions. Gradually encourage higher-value purchases through bundles."
Brian Moreno,55,25943,0.1,1629.715,Budget,Convert & Increase Value,Increase engagement and gradually improve spending,"Promote affordable products and value-for-money offers. Provide discounts, bundles, and seasonal promotions. Use low-cost promotional offers to encourage purchases."
Matthew Duncan,50,52635,0.8,16505.4,Regular,Engage & Upsell,Increase purchase frequency and average spending,Provide targeted discounts and product recommendations. Use loyalty programs to encourage repeat purchases. Maintain engagement with personalized promotions.
Shannon Hogan,63,21768,1.0,18088.4,Regular,Engage & Upsell,Increase purchase frequency and average spending,Provide targeted discounts and product recommendations. Use loyalty programs to encourage repeat purchases. Maintain engagement with personalized promotions.
Steven Klein,27,68106,0.5,9202.65,Budget,Convert & Increase Value,Increase engagement and gradually improve spending,"Promote affordable products and value-for-money offers. Provide discounts, bundles, and seasonal promotions. Gradually encourage higher-value purchases through bundles."
Christopher Collins,50,22949,0.8,12917.96,Regular,Engage & Upsell,Increase purchase frequency and average spending,Provide targeted discounts and product recommendations. Use loyalty programs to encourage repeat purchases. Maintain engagement with personalized promotions.
Kendra Mcclain,64,64482,0.8,18579.28,Regular,Engage & Upsell,Increase purchase frequency and average spending,Provide targeted discounts and product recommendations. Use loyalty programs to encourage repeat purchases. Maintain engagement with personalized promotions.
Juan Wade,37,82317,0.5,9557.925,Premium,Retain & Reward,Increase customer loyalty and lifetime value,Offer exclusive premium products and personalized deals. Provide loyalty rewards and early access to new products. Use targeted offers to increase purchase frequency.
Alyssa Christensen,62,99048,0.7,16766.68,Premium,Retain & Reward,Increase customer loyalty and lifetime value,Offer exclusive premium products and personalized deals. Provide loyalty rewards and early access to new products. Use targeted offers to increase purchase frequency.
Leslie Esparza,43,94017,0.4,8680.34,Premium,Retain & Reward,Increase customer loyalty and lifetime value,Offer exclusive premium products and personalized deals. Provide loyalty rewards and early access to new products. Use targeted offers to increase purchase frequency.
Dan Frank,30,54754,0.9,14163.93,Premium,Retain & Reward,Increase customer loyalty and lifetime value,Offer exclusive premium products and personalized deals. Provide loyalty rewards and early access to new products. Maintain engagement with frequent personalized campaigns.
Bonnie Rojas,28,64789,0.5,9619.725,Budget,Convert & Increase Value,Increase engagement and gradually improve spending,"Promote affordable products and value-for-money offers. Provide discounts, bundles, and seasonal promotions. Gradually encourage higher-value purchases through bundles."
Charlotte Fuentes,45,89038,0.1,2445.19,Budget,Convert & Increase Value,Increase engagement and gradually improve spending,"Promote affordable products and value-for-money offers. Provide discounts, bundles, and seasonal promotions. Use low-cost promotional offers to encourage purchases."
Jessica Johnson,64,80138,0.2,4201.38,Budget,Convert & Increase Value,Increase engagement and gradually improve spending,"Promote affordable products and value-for-money offers. Provide discounts, bundles, and seasonal promotions. Use low-cost promotional offers to encourage purchases."
Chelsea Allen,19,53600,0.1,768.0,Budget,Convert & Increase Value,Increase engagement and gradually improve spending,"Promote affordable products and value-for-money offers. Provide discounts, bundles, and seasonal promotions. Use low-cost promotional offers to encourage purchases."
Jeffrey Brown,31,67235,1.0,14361.75,Premium,Retain & Reward,Increase customer loyalty and lifetime value,Offer exclusive premium products and personalized deals. Provide loyalty rewards and early access to new products. Maintain engagement with frequent personalized campaigns.
Mary Welch,35,22706,1.0,9135.3,Regular,Engage & Upsell,Increase purchase frequency and average spending,Provide targeted discounts and product recommendations. Use loyalty programs to encourage repeat purchases. Maintain engagement with personalized promotions.
Benjamin Simmons,28,71517,0.8,13260.68,Premium,Retain & Reward,Increase customer loyalty and lifetime value,Offer exclusive premium products and personalized deals. Provide loyalty rewards and early access to new products. Maintain engagement with frequent personalized campaigns.
Terry Meza,65,31509,1.0,20575.45,Regular,Engage & Upsell,Increase purchase frequency and average spending,Provide targeted discounts and product recommendations. Use loyalty programs to encourage repeat purchases. Maintain engagement with personalized promotions.
Justin Herrera,45,42569,0.1,1212.845,Budget,Convert & Increase Value,Increase engagement and gradually improve spending,"Promote affordable products and value-for-money offers. Provide discounts, bundles, and seasonal promotions. Use low-cost promotional offers to encourage purchases."
Michelle Schneider,56,47343,0.7,14957.005,Regular,Engage & Upsell,Increase purchase frequency and average spending,Provide targeted discounts and product recommendations. Use loyalty programs to encourage repeat purchases. Maintain engagement with personalized promotions.
Holly Sweeney,30,43437,0.8,12137.48,Regular,Engage & Upsell,Increase purchase frequency and average spending,Provide targeted discounts and product recommendations. Use loyalty programs to encourage repeat purchases. Maintain engagement with personalized promotions.
Marissa Lin,60,96913,0.4,9938.26,Premium,Retain & Reward,Increase customer loyalty and lifetime value,Offer exclusive premium products and personalized deals. Provide loyalty rewards and early access to new products. Use targeted offers to increase purchase frequency.
Tammy Kennedy,18,99230,0.1,1796.15,Budget,Convert & Increase Value,Increase engagement and gradually improve spending,"Promote affordable products and value-for-money offers. Provide discounts, bundles, and seasonal promotions. Use low-cost promotional offers to encourage purchases."
Jared Vazquez,59,74961,0.5,7874.025,Budget,Convert & Increase Value,Increase engagement and gradually improve spending,"Promote affordable products and value-for-money offers. Provide discounts, bundles, and seasonal promotions. Gradually encourage higher-value purchases through bundles."
James Howard,39,64450,0.3,3966.75,Budget,Convert & Increase Value,Increase engagement and gradually improve spending,"Promote affordable products and value-for-money offers. Provide discounts, bundles, and seasonal promotions. Use low-cost promotional offers to encourage purchases."
Rodney Bowen,38,83078,1.0,24153.9,Premium,Retain & Reward,Increase customer loyalty and lifetime value,Offer exclusive premium products and personalized deals. Provide loyalty rewards and early access to new products. Maintain engagement with frequent personalized campaigns.
Aaron Hughes,39,80117,0.3,4801.755,Budget,Convert & Increase Value,Increase engagement and gradually improve spending,"Promote affordable products and value-for-money offers. Provide discounts, bundles, and seasonal promotions. Use low-cost promotional offers to encourage purchases."
Olivia Petty,24,99692,0.8,15987.68,Premium,Retain & Reward,Increase customer loyalty and lifetime value,Offer exclusive premium products and personalized deals. Provide loyalty rewards and early access to new products. Maintain engagement with frequent personalized campaigns.
John Lewis,44,36567,0.2,3965.67,Budget,Convert & Increase Value,Increase engagement and gradually improve spending,"Promote affordable products and value-for-money offers. Provide discounts, bundles, and seasonal promotions. Use low-cost promotional offers to encourage purchases."
Nicole Cook DDS,55,83213,0.5,9580.325,Premium,Retain & Reward,Increase customer loyalty and lifetime value,Offer exclusive premium products and personalized deals. Provide loyalty rewards and early access to new products. Use targeted offers to increase purchase frequency.
Ashley Cruz,61,54370,0.5,11359.25,Regular,Engage & Upsell,Increase purchase frequency and average spending,Provide targeted discounts and product recommendations. Use loyalty programs to encourage repeat purchases. Offer incentives to increase purchase frequency.
Pamela Cunningham,25,21058,0.1,805.29,Budget,Convert & Increase Value,Increase engagement and gradually improve spending,"Promote affordable products and value-for-money offers. Provide discounts, bundles, and seasonal promotions. Use low-cost promotional offers to encourage purchases."
Kelly Graves,56,36104,0.7,11763.64,Regular,Engage & Upsell,Increase purchase frequency and average spending,Provide targeted discounts and product recommendations. Use loyalty programs to encourage repeat purchases. Maintain engagement with personalized promotions.
Jeff Smith,42,61063,0.3,4515.945,Budget,Convert & Increase Value,Increase engagement and gradually improve spending,"Promote affordable products and value-for-money offers. Provide discounts, bundles, and seasonal promotions. Use low-cost promotional offers to encourage purchases."
Samantha Mathews,23,26384,0.4,4527.68,Budget,Convert & Increase Value,Increase engagement and gradually improve spending,"Promote affordable products and value-for-money offers. Provide discounts, bundles, and seasonal promotions. Use low-cost promotional offers to encourage purchases."
Joshua Johnson,44,98522,0.7,10448.27,Premium,Retain & Reward,Increase customer loyalty and lifetime value,Offer exclusive premium products and personalized deals. Provide loyalty rewards and early access to new products. Use targeted offers to increase purchase frequency.
Brian Houston,26,73047,0.9,19487.115,Premium,Retain & Reward,Increase customer loyalty and lifetime value,Offer exclusive premium products and personalized deals. Provide loyalty rewards and early access to new products. Maintain engagement with frequent personalized campaigns.
Justin Smith,21,93474,0.3,4402.11,Budget,Convert & Increase Value,Increase engagement and gradually improve spending,"Promote affordable products and value-for-money offers. Provide discounts, bundles, and seasonal promotions. Use low-cost promotional offers to encourage purchases."
Regina Reilly,59,31702,1.0,16585.1,Regular,Engage & Upsell,Increase purchase frequency and average spending,Provide targeted discounts and product recommendations. Use loyalty programs to encourage repeat purchases. Maintain engagement with personalized promotions.
Kevin Ruiz,48,53123,0.4,7862.46,Budget,Convert & Increase Value,Increase engagement and gradually improve spending,"Promote affordable products and value-for-money offers. Provide discounts, bundles, and seasonal promotions. Gradually encourage higher-value purchases through bundles."
Robert Stone,43,88612,0.2,2886.12,Budget,Convert & Increase Value,Increase engagement and gradually improve spending,"Promote affordable products and value-for-money offers. Provide discounts, bundles, and seasonal promotions. Use low-cost promotional offers to encourage purchases."
Maria Smith,18,38461,0.9,10730.745,Regular,Engage & Upsell,Increase purchase frequency and average spending,Provide targeted discounts and product recommendations. Use loyalty programs to encourage repeat purchases. Maintain engagement with personalized promotions.
George Herrera,26,20842,0.6,8425.26,Regular,Engage & Upsell,Increase purchase frequency and average spending,Provide targeted discounts and product recommendations. Use loyalty programs to encourage repeat purchases. Offer incentives to increase purchase frequency.
Christopher Mcdaniel,27,31290,0.6,6938.7,Budget,Convert & Increase Value,Increase engagement and gradually improve spending,"Promote affordable products and value-for-money offers. Provide discounts, bundles, and seasonal promotions. Gradually encourage higher-value purchases through bundles."
Michael Silva,31,63491,0.8,16939.64,Premium,Retain & Reward,Increase customer loyalty and lifetime value,Offer exclusive premium products and personalized deals. Provide loyalty rewards and early access to new products. Maintain engagement with frequent personalized campaigns.
Lisa King,48,61356,0.8,10454.24,Regular,Engage & Upsell,Increase purchase frequency and average spending,Provide targeted discounts and product recommendations. Use loyalty programs to encourage repeat purchases. Maintain engagement with personalized promotions.
Vincent Ballard,42,92257,0.7,17228.995,Premium,Retain & Reward,Increase customer loyalty and lifetime value,Offer exclusive premium products and personalized deals. Provide loyalty rewards and early access to new products. Use targeted offers to increase purchase frequency.
Jacob Park,51,38838,0.7,11859.33,Regular,Engage & Upsell,Increase purchase frequency and average spending,Provide targeted discounts and product recommendations. Use loyalty programs to encourage repeat purchases. Maintain engagement with personalized promotions.
Tina Sanders,50,29236,0.3,4938.54,Budget,Convert & Increase Value,Increase engagement and gradually improve spending,"Promote affordable products and value-for-money offers. Provide discounts, bundles, and seasonal promotions. Use low-cost promotional offers to encourage purchases."
Jamie King,27,94082,0.2,4140.82,Budget,Convert & Increase Value,Increase engagement and gradually improve spending,"Promote affordable products and value-for-money offers. Provide discounts, bundles, and seasonal promotions. Use low-cost promotional offers to encourage purchases."
Nathaniel Martinez III,60,94093,0.5,10852.325,Premium,Retain & Reward,Increase customer loyalty and lifetime value,Offer exclusive premium products and personalized deals. Provide loyalty rewards and early access to new products. Use targeted offers to increase purchase frequency.
Julia Keller,40,97525,0.6,14925.75,Premium,Retain & Reward,Increase customer loyalty and lifetime value,Offer exclusive premium products and personalized deals. Provide loyalty rewards and early access to new products. Use targeted offers to increase purchase frequency.
Bryan Hood,65,50447,0.9,19370.115,Regular,Engage & Upsell,Increase purchase frequency and average spending,Provide targeted discounts and product recommendations. Use loyalty programs to encourage repeat purchases. Maintain engagement with personalized promotions.
Amber Martinez,20,64861,0.9,13718.745,Premium,Retain & Reward,Increase customer loyalty and lifetime value,Offer exclusive premium products and personalized deals. Provide loyalty rewards and early access to new products. Maintain engagement with frequent personalized campaigns.
Jerry Gonzales,18,82297,0.2,1822.97,Budget,Convert & Increase Value,Increase engagement and gradually improve spending,"Promote affordable products and value-for-money offers. Provide discounts, bundles, and seasonal promotions. Use low-cost promotional offers to encourage purchases."
Maureen Castro,41,91532,0.1,1957.66,Budget,Convert & Increase Value,Increase engagement and gradually improve spending,"Promote affordable products and value-for-money offers. Provide discounts, bundles, and seasonal promotions. Use low-cost promotional offers to encourage purchases."
Adam Nelson,51,94698,0.6,10040.94,Premium,Retain & Reward,Increase customer loyalty and lifetime value,Offer exclusive premium products and personalized deals. Provide loyalty rewards and early access to new products. Use targeted offers to increase purchase frequency.
Regina Douglas,20,64683,0.5,6617.075,Budget,Convert & Increase Value,Increase engagement and gradually improve spending,"Promote affordable products and value-for-money offers. Provide discounts, bundles, and seasonal promotions. Gradually encourage higher-value purchases through bundles."
Randy Gregory,49,20170,0.4,8403.4,Regular,Engage & Upsell,Increase purchase frequency and average spending,Provide targeted discounts and product recommendations. Use loyalty programs to encourage repeat purchases. Offer incentives to increase purchase frequency.
Cindy Graham,59,41065,0.1,2105.325,Budget,Convert & Increase Value,Increase engagement and gradually improve spending,"Promote affordable products and value-for-money offers. Provide discounts, bundles, and seasonal promotions. Use low-cost promotional offers to encourage purchases."
Yolanda Thompson,65,70498,0.5,10262.45,Premium,Retain & Reward,Increase customer loyalty and lifetime value,Offer exclusive premium products and personalized deals. Provide loyalty rewards and early access to new products. Use targeted offers to increase purchase frequency.
Michele Villa,61,23577,0.8,14543.08,Regular,Engage & Upsell,Increase purchase frequency and average spending,Provide targeted discounts and product recommendations. Use loyalty programs to encourage repeat purchases. Maintain engagement with personalized promotions.
Jessica Nguyen,57,61320,1.0,23066.0,Regular,Engage & Upsell,Increase purchase frequency and average spending,Provide targeted discounts and product recommendations. Use loyalty programs to encourage repeat purchases. Maintain engagement with personalized promotions.
Mary Hughes,38,87161,0.7,13550.635,Premium,Retain & Reward,Increase customer loyalty and lifetime value,Offer exclusive premium products and personalized deals. Provide loyalty rewards and early access to new products. Use targeted offers to increase purchase frequency.
Michael Byrd,43,69936,0.5,9248.4,Budget,Convert & Increase Value,Increase engagement and gradually improve spending,"Promote affordable products and value-for-money offers. Provide discounts, bundles, and seasonal promotions. Gradually encourage higher-value purchases through bundles."
Douglas Anderson,33,51692,0.9,14026.14,Regular,Engage & Upsell,Increase purchase frequency and average spending,Provide targeted discounts and product recommendations. Use loyalty programs to encourage repeat purchases. Maintain engagement with personalized promotions.
Angela Soto,55,51216,1.0,24560.8,Regular,Engage & Upsell,Increase purchase frequency and average spending,Provide targeted discounts and product recommendations. Use loyalty programs to encourage repeat purchases. Maintain engagement with personalized promotions.
Deborah Summers,39,51925,0.3,5278.875,Budget,Convert & Increase Value,Increase engagement and gradually improve spending,"Promote affordable products and value-for-money offers. Provide discounts, bundles, and seasonal promotions. Gradually encourage higher-value purchases through bundles."
Nicole Gray,34,78575,0.8,9543.0,Premium,Retain & Reward,Increase customer loyalty and lifetime value,Offer exclusive premium products and personalized deals. Provide loyalty rewards and early access to new products. Maintain engagement with frequent personalized campaigns.
Shannon Davis,31,99329,0.4,7186.58,Budget,Convert & Increase Value,Increase engagement and gradually improve spending,"Promote affordable products and value-for-money offers. Provide discounts, bundles, and seasonal promotions. Gradually encourage higher-value purchases through bundles."
Erin Osborne,63,47563,0.5,11189.075,Regular,Engage & Upsell,Increase purchase frequency and average spending,Provide targeted discounts and product recommendations. Use loyalty programs to encourage repeat purchases. Offer incentives to increase purchase frequency.
Jason Smith,42,66392,0.7,12823.72,Premium,Retain & Reward,Increase customer loyalty and lifetime value,Offer exclusive premium products and personalized deals. Provide loyalty rewards and early access to new products. Use targeted offers to increase purchase frequency.
Jordan Thomas,38,45177,0.4,4903.54,Budget,Convert & Increase Value,Increase engagement and gradually improve spending,"Promote affordable products and value-for-money offers. Provide discounts, bundles, and seasonal promotions. Use low-cost promotional offers to encourage purchases."
Abigail Hood,56,30608,0.5,10765.2,Regular,Engage & Upsell,Increase purchase frequency and average spending,Provide targeted discounts and product recommendations. Use loyalty programs to encourage repeat purchases. Offer incentives to increase purchase frequency.
Frank Allen,50,75021,0.6,14250.63,Premium,Retain & Reward,Increase customer loyalty and lifetime value,Offer exclusive premium products and personalized deals. Provide loyalty rewards and early access to new products. Use targeted offers to increase purchase frequency.
Veronica Miller,61,35077,0.1,1575.385,Budget,Convert & Increase Value,Increase engagement and gradually improve spending,"Promote affordable products and value-for-money offers. Provide discounts, bundles, and seasonal promotions. Use low-cost promotional offers to encourage purchases."
Vanessa Burns,39,93240,0.8,15729.6,Premium,Retain & Reward,Increase customer loyalty and lifetime value,Offer exclusive premium products and personalized deals. Provide loyalty rewards and early access to new products. Maintain engagement with frequent personalized campaigns.
Douglas Owens,37,69148,0.4,9382.96,Budget,Convert & Increase Value,Increase engagement and gradually improve spending,"Promote affordable products and value-for-money offers. Provide discounts, bundles, and seasonal promotions. Gradually encourage higher-value purchases through bundles."
Lynn Andrade,61,31959,0.9,12238.155,Regular,Engage & Upsell,Increase purchase frequency and average spending,Provide targeted discounts and product recommendations. Use loyalty programs to encourage repeat purchases. Maintain engagement with personalized promotions.
Catherine Nelson PhD,19,93860,0.4,4677.2,Budget,Convert & Increase Value,Increase engagement and gradually improve spending,"Promote affordable products and value-for-money offers. Provide discounts, bundles, and seasonal promotions. Use low-cost promotional offers to encourage purchases."
Amber Church,19,60906,0.2,1609.06,Budget,Convert & Increase Value,Increase engagement and gradually improve spending,"Promote affordable products and value-for-money offers. Provide discounts, bundles, and seasonal promotions. Use low-cost promotional offers to encourage purchases."
Clayton Weber,55,95467,1.0,21773.35,Premium,Retain & Reward,Increase customer loyalty and lifetime value,Offer exclusive premium products and personalized deals. Provide loyalty rewards and early access to new products. Maintain engagement with frequent personalized campaigns.
Jamie Harmon,51,58729,0.3,5980.935,Budget,Convert & Increase Value,Increase engagement and gradually improve spending,"Promote affordable products and value-for-money offers. Provide discounts, bundles, and seasonal promotions. Gradually encourage higher-value purchases through bundles."
Donald Juarez,29,37052,0.4,5141.04,Budget,Convert & Increase Value,Increase engagement and gradually improve spending,"Promote affordable products and value-for-money offers. Provide discounts, bundles, and seasonal promotions. Gradually encourage higher-value purchases through bundles."
Mariah Ayala,34,39040,1.0,16952.0,Regular,Engage & Upsell,Increase purchase frequency and average spending,Provide targeted discounts and product recommendations. Use loyalty programs to encourage repeat purchases. Maintain engagement with personalized promotions.
Nicole Haynes,35,37871,0.7,6925.485,Regular,Engage & Upsell,Increase purchase frequency and average spending,Provide targeted discounts and product recommendations. Use loyalty programs to encourage repeat purchases. Maintain engagement with personalized promotions.
Kathleen Miller,29,66065,0.9,10172.925,Premium,Retain & Reward,Increase customer loyalty and lifetime value,Offer exclusive premium products and personalized deals. Provide loyalty rewards and early access to new products. Maintain engagement with frequent personalized campaigns.
Amy Smith,60,55501,0.2,3955.01,Budget,Convert & Increase Value,Increase engagement and gradually improve spending,"Promote affordable products and value-for-money offers. Provide discounts, bundles, and seasonal promotions. Use low-cost promotional offers to encourage purchases."
Lindsay Mendez,64,20533,0.3,5407.995,Budget,Convert & Increase Value,Increase engagement and gradually improve spending,"Promote affordable products and value-for-money offers. Provide discounts, bundles, and seasonal promotions. Gradually encourage higher-value purchases through bundles."
Ann Gates,31,36666,0.3,5349.99,Budget,Convert & Increase Value,Increase engagement and gradually improve spending,"Promote affordable products and value-for-money offers. Provide discounts, bundles, and seasonal promotions. Gradually encourage higher-value purchases through bundles."
Robert Conley,49,48834,0.3,5232.51,Budget,Convert & Increase Value,Increase engagement and gradually improve spending,"Promote affordable products and value-for-money offers. Provide discounts, bundles, and seasonal promotions. Gradually encourage higher-value purchases through bundles."
Sharon Brown,47,50335,0.5,11258.375,Regular,Engage & Upsell,Increase purchase frequency and average spending,Provide targeted discounts and product recommendations. Use loyalty programs to encourage repeat purchases. Offer incentives to increase purchase frequency.
Gregory Morgan,61,65849,0.8,12233.96,Regular,Engage & Upsell,Increase purchase frequency and average spending,Provide targeted discounts and product recommendations. Use loyalty programs to encourage repeat purchases. Maintain engagement with personalized promotions.
Ryan Yang,35,48556,0.5,8713.9,Budget,Convert & Increase Value,Increase engagement and gradually improve spending,"Promote affordable products and value-for-money offers. Provide discounts, bundles, and seasonal promotions. Gradually encourage higher-value purchases through bundles."
Dennis Garcia,53,42963,0.7,11303.705,Regular,Engage & Upsell,Increase purchase frequency and average spending,Provide targeted discounts and product recommendations. Use loyalty programs to encourage repeat purchases. Maintain engagement with personalized promotions.
Elizabeth Smith,25,80400,0.3,3606.0,Budget,Convert & Increase Value,Increase engagement and gradually improve spending,"Promote affordable products and value-for-money offers. Provide discounts, bundles, and seasonal promotions. Use low-cost promotional offers to encourage purchases."
Rachel Haney,45,43283,0.2,3432.83,Budget,Convert & Increase Value,Increase engagement and gradually improve spending,"Promote affordable products and value-for-money offers. Provide discounts, bundles, and seasonal promotions. Use low-cost promotional offers to encourage purchases."
Steve Stewart,34,69305,0.9,16618.725,Premium,Retain & Reward,Increase customer loyalty and lifetime value,Offer exclusive premium products and personalized deals. Provide loyalty rewards and early access to new products. Maintain engagement with frequent personalized campaigns.
Derek Weber,21,70325,0.9,16664.625,Premium,Retain & Reward,Increase customer loyalty and lifetime value,Offer exclusive premium products and personalized deals. Provide loyalty rewards and early access to new products. Maintain engagement with frequent personalized campaigns.
Russell Huffman,26,60028,1.0,11001.4,Premium,Retain & Reward,Increase customer loyalty and lifetime value,Offer exclusive premium products and personalized deals. Provide loyalty rewards and early access to new products. Maintain engagement with frequent personalized campaigns.
Amy Brown,46,81434,0.4,7628.68,Budget,Convert & Increase Value,Increase engagement and gradually improve spending,"Promote affordable products and value-for-money offers. Provide discounts, bundles, and seasonal promotions. Gradually encourage higher-value purchases through bundles."
Peter Garcia,43,90163,0.7,10155.705,Premium,Retain & Reward,Increase customer loyalty and lifetime value,Offer exclusive premium products and personalized deals. Provide loyalty rewards and early access to new products. Use targeted offers to increase purchase frequency.
Andre Boyd,25,24231,0.4,4484.62,Budget,Convert & Increase Value,Increase engagement and gradually improve spending,"Promote affordable products and value-for-money offers. Provide discounts, bundles, and seasonal promotions. Use low-cost promotional offers to encourage purchases."
Chelsea Mora,32,98447,0.7,9045.645,Premium,Retain & Reward,Increase customer loyalty and lifetime value,Offer exclusive premium products and personalized deals. Provide loyalty rewards and early access to new products. Use targeted offers to increase purchase frequency.
Luis Marsh,44,88896,0.4,6977.92,Budget,Convert & Increase Value,Increase engagement and gradually improve spending,"Promote affordable products and value-for-money offers. Provide discounts, bundles, and seasonal promotions. Gradually encourage higher-value purchases through bundles."
Jeffrey Ramos,31,45095,0.2,2450.95,Budget,Convert & Increase Value,Increase engagement and gradually improve spending,"Promote affordable products and value-for-money offers. Provide discounts, bundles, and seasonal promotions. Use low-cost promotional offers to encourage purchases."
Casey Graves,50,92120,1.0,17606.0,Premium,Retain & Reward,Increase customer loyalty and lifetime value,Offer exclusive premium products and personalized deals. Provide loyalty rewards and early access to new products. Maintain engagement with frequent personalized campaigns.
Patrick Gilbert,51,54353,0.8,19774.12,Regular,Engage & Upsell,Increase purchase frequency and average spending,Provide targeted discounts and product recommendations. Use loyalty programs to encourage repeat purchases. Maintain engagement with personalized promotions.
Tyler Cardenas,58,65268,0.4,8105.36,Budget,Convert & Increase Value,Increase engagement and gradually improve spending,"Promote affordable products and value-for-money offers. Provide discounts, bundles, and seasonal promotions. Gradually encourage higher-value purchases through bundles."
Laura Coleman,62,77742,0.4,7554.84,Budget,Convert & Increase Value,Increase engagement and gradually improve spending,"Promote affordable products and value-for-money offers. Provide discounts, bundles, and seasonal promotions. Gradually encourage higher-value purchases through bundles."
Rachel Miller,51,38788,0.4,5575.76,Budget,Convert & Increase Value,Increase engagement and gradually improve spending,"Promote affordable products and value-for-money offers. Provide discounts, bundles, and seasonal promotions. Gradually encourage higher-value purchases through bundles."
Chloe Case,47,99203,0.5,8480.075,Premium,Retain & Reward,Increase customer loyalty and lifetime value,Offer exclusive premium products and personalized deals. Provide loyalty rewards and early access to new products. Use targeted offers to increase purchase frequency.
Carrie Johnson,59,63128,0.5,12578.2,Regular,Engage & Upsell,Increase purchase frequency and average spending,Provide targeted discounts and product recommendations. Use loyalty programs to encourage repeat purchases. Offer incentives to increase purchase frequency.
Timothy Miranda,60,85056,0.6,9751.68,Premium,Retain & Reward,Increase customer loyalty and lifetime value,Offer exclusive premium products and personalized deals. Provide loyalty rewards and early access to new products. Use targeted offers to increase purchase frequency.
Mr. Nicholas Mason,57,37838,0.7,11824.33,Regular,Engage & Upsell,Increase purchase frequency and average spending,Provide targeted discounts and product recommendations. Use loyalty programs to encourage repeat purchases. Maintain engagement with personalized promotions.
Rachel White,33,57081,0.3,5656.215,Budget,Convert & Increase Value,Increase engagement and gradually improve spending,"Promote affordable products and value-for-money offers. Provide discounts, bundles, and seasonal promotions. Gradually encourage higher-value purchases through bundles."
Billy Myers,51,35172,0.9,16882.74,Regular,Engage & Upsell,Increase purchase frequency and average spending,Provide targeted discounts and product recommendations. Use loyalty programs to encourage repeat purchases. Maintain engagement with personalized promotions.
Kara Brewer,38,67119,0.4,6142.38,Budget,Convert & Increase Value,Increase engagement and gradually improve spending,"Promote affordable products and value-for-money offers. Provide discounts, bundles, and seasonal promotions. Gradually encourage higher-value purchases through bundles."
Ashley Greene,30,69656,0.7,15037.96,Premium,Retain & Reward,Increase customer loyalty and lifetime value,Offer exclusive premium products and personalized deals. Provide loyalty rewards and early access to new products. Use targeted offers to increase purchase frequency.
Cindy Harrison,20,30106,0.5,7252.65,Budget,Convert & Increase Value,Increase engagement and gradually improve spending,"Promote affordable products and value-for-money offers. Provide discounts, bundles, and seasonal promotions. Gradually encourage higher-value purchases through bundles."
Raymond Brown,58,98952,0.8,15958.08,Premium,Retain & Reward,Increase customer loyalty and lifetime value,Offer exclusive premium products and personalized deals. Provide loyalty rewards and early access to new products. Maintain engagement with frequent personalized campaigns.
Laura Howard,40,95054,0.7,12426.89,Premium,Retain & Reward,Increase customer loyalty and lifetime value,Offer exclusive premium products and personalized deals. Provide loyalty rewards and early access to new products. Use targeted offers to increase purchase frequency.
Jason Martinez,34,40680,0.3,3010.2,Budget,Convert & Increase Value,Increase engagement and gradually improve spending,"Promote affordable products and value-for-money offers. Provide discounts, bundles, and seasonal promotions. Use low-cost promotional offers to encourage purchases."
Victor Allen,46,25021,0.5,8125.525,Regular,Engage & Upsell,Increase purchase frequency and average spending,Provide targeted discounts and product recommendations. Use loyalty programs to encourage repeat purchases. Offer incentives to increase purchase frequency.
John Phelps III,48,32913,0.2,3329.13,Budget,Convert & Increase Value,Increase engagement and gradually improve spending,"Promote affordable products and value-for-money offers. Provide discounts, bundles, and seasonal promotions. Use low-cost promotional offers to encourage purchases."
Kristin Cuevas,49,23946,1.0,11197.3,Regular,Engage & Upsell,Increase purchase frequency and average spending,Provide targeted discounts and product recommendations. Use loyalty programs to encourage repeat purchases. Maintain engagement with personalized promotions.
Makayla Butler,23,96787,0.5,8419.675,Premium,Retain & Reward,Increase customer loyalty and lifetime value,Offer exclusive premium products and personalized deals. Provide loyalty rewards and early access to new products. Use targeted offers to increase purchase frequency.
Connie Thomas,62,51141,0.2,3911.41,Budget,Convert & Increase Value,Increase engagement and gradually improve spending,"Promote affordable products and value-for-money offers. Provide discounts, bundles, and seasonal promotions. Use low-cost promotional offers to encourage purchases."
Charles White,61,51875,0.1,2259.375,Budget,Convert & Increase Value,Increase engagement and gradually improve spending,"Promote affordable products and value-for-money offers. Provide discounts, bundles, and seasonal promotions. Use low-cost promotional offers to encourage purchases."
Crystal Strickland,32,40230,1.0,13011.5,Regular,Engage & Upsell,Increase purchase frequency and average spending,Provide targeted discounts and product recommendations. Use loyalty programs to encourage repeat purchases. Maintain engagement with personalized promotions.
Tyrone Wilson,57,33841,0.5,6846.025,Regular,Engage & Upsell,Increase purchase frequency and average spending,Provide targeted discounts and product recommendations. Use loyalty programs to encourage repeat purchases. Offer incentives to increase purchase frequency.
Kristy Hunter,24,95654,0.5,9891.35,Premium,Retain & Reward,Increase customer loyalty and lifetime value,Offer exclusive premium products and personalized deals. Provide loyalty rewards and early access to new products. Use targeted offers to increase purchase frequency.
Melissa Johnson,55,29796,0.3,4646.94,Budget,Convert & Increase Value,Increase engagement and gradually improve spending,"Promote affordable products and value-for-money offers. Provide discounts, bundles, and seasonal promotions. Use low-cost promotional offers to encourage purchases."
Tanya Brown,46,63628,0.5,9090.7,Budget,Convert & Increase Value,Increase engagement and gradually improve spending,"Promote affordable products and value-for-money offers. Provide discounts, bundles, and seasonal promotions. Gradually encourage higher-value purchases through bundles."
Jeffery Delacruz,58,22906,0.5,11572.65,Regular,Engage & Upsell,Increase purchase frequency and average spending,Provide targeted discounts and product recommendations. Use loyalty programs to encourage repeat purchases. Offer incentives to increase purchase frequency.
Rebecca Phelps,59,31684,1.0,16584.2,Regular,Engage & Upsell,Increase purchase frequency and average spending,Provide targeted discounts and product recommendations. Use loyalty programs to encourage repeat purchases. Maintain engagement with personalized promotions.
Karen Bridges,64,88536,0.4,7770.72,Budget,Convert & Increase Value,Increase engagement and gradually improve spending,"Promote affordable products and value-for-money offers. Provide discounts, bundles, and seasonal promotions. Gradually encourage higher-value purchases through bundles."
Jennifer Sherman,46,52831,0.7,10249.085,Regular,Engage & Upsell,Increase purchase frequency and average spending,Provide targeted discounts and product recommendations. Use loyalty programs to encourage repeat purchases. Maintain engagement with personalized promotions.
Dawn Davies,55,94643,0.9,19558.935,Premium,Retain & Reward,Increase customer loyalty and lifetime value,Offer exclusive premium products and personalized deals. Provide loyalty rewards and early access to new products. Maintain engagement with frequent personalized campaigns.
Patrick Watkins,42,32443,0.8,13297.72,Regular,Engage & Upsell,Increase purchase frequency and average spending,Provide targeted discounts and product recommendations. Use loyalty programs to encourage repeat purchases. Maintain engagement with personalized promotions.
Jeremy Costa,59,54317,0.5,9857.925,Regular,Engage & Upsell,Increase purchase frequency and average spending,Provide targeted discounts and product recommendations. Use loyalty programs to encourage repeat purchases. Offer incentives to increase purchase frequency.
Jennifer Coleman,23,78974,0.1,1394.87,Budget,Convert & Increase Value,Increase engagement and gradually improve spending,"Promote affordable products and value-for-money offers. Provide discounts, bundles, and seasonal promotions. Use low-cost promotional offers to encourage purchases."
Ryan Hall,42,57400,0.9,13383.0,Regular,Engage & Upsell,Increase purchase frequency and average spending,Provide targeted discounts and product recommendations. Use loyalty programs to encourage repeat purchases. Maintain engagement with personalized promotions.
Brandy Grant DDS,57,94573,0.9,24055.785,Premium,Retain & Reward,Increase customer loyalty and lifetime value,Offer exclusive premium products and personalized deals. Provide loyalty rewards and early access to new products. Maintain engagement with frequent personalized campaigns.
Joseph Wells,30,54968,0.2,2149.68,Budget,Convert & Increase Value,Increase engagement and gradually improve spending,"Promote affordable products and value-for-money offers. Provide discounts, bundles, and seasonal promotions. Use low-cost promotional offers to encourage purchases."
Mary Wright,42,83543,0.8,15341.72,Premium,Retain & Reward,Increase customer loyalty and lifetime value,Offer exclusive premium products and personalized deals. Provide loyalty rewards and early access to new products. Maintain engagement with frequent personalized campaigns.
Kristopher Brown,34,99780,0.8,14391.2,Premium,Retain & Reward,Increase customer loyalty and lifetime value,Offer exclusive premium products and personalized deals. Provide loyalty rewards and early access to new products. Maintain engagement with frequent personalized campaigns.
John Riley,35,47230,0.6,6216.9,Budget,Convert & Increase Value,Increase engagement and gradually improve spending,"Promote affordable products and value-for-money offers. Provide discounts, bundles, and seasonal promotions. Gradually encourage higher-value purchases through bundles."
Heather Williams,34,77157,0.5,5928.925,Budget,Convert & Increase Value,Increase engagement and gradually improve spending,"Promote affordable products and value-for-money offers. Provide discounts, bundles, and seasonal promotions. Gradually encourage higher-value purchases through bundles."
Michael Brown,38,73779,0.3,5606.685,Budget,Convert & Increase Value,Increase engagement and gradually improve spending,"Promote affordable products and value-for-money offers. Provide discounts, bundles, and seasonal promotions. Gradually encourage higher-value purchases through bundles."
Bryan Gonzalez,59,66856,0.8,14674.24,Premium,Retain & Reward,Increase customer loyalty and lifetime value,Offer exclusive premium products and personalized deals. Provide loyalty rewards and early access to new products. Maintain engagement with frequent personalized campaigns.
Zachary Mason,46,76057,0.7,13161.995,Premium,Retain & Reward,Increase customer loyalty and lifetime value,Offer exclusive premium products and personalized deals. Provide loyalty rewards and early access to new products. Use targeted offers to increase purchase frequency.
Karen Rodriguez,44,31507,0.9,12217.815,Regular,Engage & Upsell,Increase purchase frequency and average spending,Provide targeted discounts and product recommendations. Use loyalty programs to encourage repeat purchases. Maintain engagement with personalized promotions.
Linda Savage,46,22038,0.9,9991.71,Regular,Engage & Upsell,Increase purchase frequency and average spending,Provide targeted discounts and product recommendations. Use loyalty programs to encourage repeat purchases. Maintain engagement with personalized promotions.
Nicole Lee,62,51122,0.7,17189.27,Regular,Engage & Upsell,Increase purchase frequency and average spending,Provide targeted discounts and product recommendations. Use loyalty programs to encourage repeat purchases. Maintain engagement with personalized promotions.
Stephanie Martinez,58,27508,0.5,10687.7,Regular,Engage & Upsell,Increase purchase frequency and average spending,Provide targeted discounts and product recommendations. Use loyalty programs to encourage repeat purchases. Offer incentives to increase purchase frequency.
Nicholas Thornton,56,56511,0.9,17842.995,Regular,Engage & Upsell,Increase purchase frequency and average spending,Provide targeted discounts and product recommendations. Use loyalty programs to encourage repeat purchases. Maintain engagement with personalized promotions.
Megan Vasquez,25,38933,0.1,894.665,Budget,Convert & Increase Value,Increase engagement and gradually improve spending,"Promote affordable products and value-for-money offers. Provide discounts, bundles, and seasonal promotions. Use low-cost promotional offers to encourage purchases."
William Rodriguez,23,79288,0.4,6385.76,Budget,Convert & Increase Value,Increase engagement and gradually improve spending,"Promote affordable products and value-for-money offers. Provide discounts, bundles, and seasonal promotions. Gradually encourage higher-value purchases through bundles."
Kyle Anderson,33,54278,0.9,18642.51,Regular,Engage & Upsell,Increase purchase frequency and average spending,Provide targeted discounts and product recommendations. Use loyalty programs to encourage repeat purchases. Maintain engagement with personalized promotions.
Timothy Mccann,28,21946,0.2,3819.46,Budget,Convert & Increase Value,Increase engagement and gradually improve spending,"Promote affordable products and value-for-money offers. Provide discounts, bundles, and seasonal promotions. Use low-cost promotional offers to encourage purchases."
Cheryl May,18,47226,0.5,6180.65,Budget,Convert & Increase Value,Increase engagement and gradually improve spending,"Promote affordable products and value-for-money offers. Provide discounts, bundles, and seasonal promotions. Gradually encourage higher-value purchases through bundles."
Vanessa Barnett,52,32127,0.2,3721.27,Budget,Convert & Increase Value,Increase engagement and gradually improve spending,"Promote affordable products and value-for-money offers. Provide discounts, bundles, and seasonal promotions. Use low-cost promotional offers to encourage purchases."
Daniel Martin,52,52222,0.2,3322.22,Budget,Convert & Increase Value,Increase engagement and gradually improve spending,"Promote affordable products and value-for-money offers. Provide discounts, bundles, and seasonal promotions. Use low-cost promotional offers to encourage purchases."
Christy Hays,61,41702,0.3,6625.53,Budget,Convert & Increase Value,Increase engagement and gradually improve spending,"Promote affordable products and value-for-money offers. Provide discounts, bundles, and seasonal promotions. Gradually encourage higher-value purchases through bundles."
Patty Stokes,47,77652,1.0,18882.6,Premium,Retain & Reward,Increase customer loyalty and lifetime value,Offer exclusive premium products and personalized deals. Provide loyalty rewards and early access to new products. Maintain engagement with frequent personalized campaigns.
Heather Mccarthy,19,36082,0.2,1760.82,Budget,Convert & Increase Value,Increase engagement and gradually improve spending,"Promote affordable products and value-for-money offers. Provide discounts, bundles, and seasonal promotions. Use low-cost promotional offers to encourage purchases."
Michael Davis,37,47349,0.5,10183.725,Budget,Convert & Increase Value,Increase engagement and gradually improve spending,"Promote affordable products and value-for-money offers. Provide discounts, bundles, and seasonal promotions. Gradually encourage higher-value purchases through bundles."
Johnny Torres,64,80701,1.0,21035.05,Premium,Retain & Reward,Increase customer loyalty and lifetime value,Offer exclusive premium products and personalized deals. Provide loyalty rewards and early access to new products. Maintain engagement with frequent personalized campaigns.
Samuel Vance,50,75766,0.1,1878.83,Budget,Convert & Increase Value,Increase engagement and gradually improve spending,"Promote affordable products and value-for-money offers. Provide discounts, bundles, and seasonal promotions. Use low-cost promotional offers to encourage purchases."
Joshua Craig,55,57131,0.6,11913.93,Regular,Engage & Upsell,Increase purchase frequency and average spending,Provide targeted discounts and product recommendations. Use loyalty programs to encourage repeat purchases. Offer incentives to increase purchase frequency.
Sarah Rowe,50,81283,0.5,12032.075,Premium,Retain & Reward,Increase customer loyalty and lifetime value,Offer exclusive premium products and personalized deals. Provide loyalty rewards and early access to new products. Use targeted offers to increase purchase frequency.
Oscar Johnson,40,44445,0.4,6888.9,Budget,Convert & Increase Value,Increase engagement and gradually improve spending,"Promote affordable products and value-for-money offers. Provide discounts, bundles, and seasonal promotions. Gradually encourage higher-value purchases through bundles."
Rhonda Molina,47,68799,0.8,12351.96,Premium,Retain & Reward,Increase customer loyalty and lifetime value,Offer exclusive premium products and personalized deals. Provide loyalty rewards and early access to new products. Maintain engagement with frequent personalized campaigns.
Robert Davis,57,22754,0.2,3627.54,Budget,Convert & Increase Value,Increase engagement and gradually improve spending,"Promote affordable products and value-for-money offers. Provide discounts, bundles, and seasonal promotions. Use low-cost promotional offers to encourage purchases."
Robert Hoffman,47,70944,1.0,16547.2,Premium,Retain & Reward,Increase customer loyalty and lifetime value,Offer exclusive premium products and personalized deals. Provide loyalty rewards and early access to new products. Maintain engagement with frequent personalized campaigns.
Tyler Brown,39,84427,0.7,9954.945,Premium,Retain & Reward,Increase customer loyalty and lifetime value,Offer exclusive premium products and personalized deals. Provide loyalty rewards and early access to new products. Use targeted offers to increase purchase frequency.
Bradley Boyd,47,21561,0.4,7231.22,Budget,Convert & Increase Value,Increase engagement and gradually improve spending,"Promote affordable products and value-for-money offers. Provide discounts, bundles, and seasonal promotions. Gradually encourage higher-value purchases through bundles."
Anthony Thompson,54,84271,0.3,4864.065,Budget,Convert & Increase Value,Increase engagement and gradually improve spending,"Promote affordable products and value-for-money offers. Provide discounts, bundles, and seasonal promotions. Use low-cost promotional offers to encourage purchases."
Caitlin Shelton,60,56561,0.4,9131.22,Budget,Convert & Increase Value,Increase engagement and gradually improve spending,"Promote affordable products and value-for-money offers. Provide discounts, bundles, and seasonal promotions. Gradually encourage higher-value purchases through bundles."
Kim Spencer,23,91375,0.8,9255.0,Premium,Retain & Reward,Increase customer loyalty and lifetime value,Offer exclusive premium products and personalized deals. Provide loyalty rewards and early access to new products. Maintain engagement with frequent personalized campaigns.
John Hogan,63,45910,1.0,16295.5,Regular,Engage & Upsell,Increase purchase frequency and average spending,Provide targeted discounts and product recommendations. Use loyalty programs to encourage repeat purchases. Maintain engagement with personalized promotions.
Jackie Roberts,36,87348,0.5,12183.7,Premium,Retain & Reward,Increase customer loyalty and lifetime value,Offer exclusive premium products and personalized deals. Provide loyalty rewards and early access to new products. Use targeted offers to increase purchase frequency.
Daniel Fox,22,65368,0.7,5787.88,Budget,Convert & Increase Value,Increase engagement and gradually improve spending,"Promote affordable products and value-for-money offers. Provide discounts, bundles, and seasonal promotions. Gradually encourage higher-value purchases through bundles."
David Serrano,59,50435,0.5,12260.875,Regular,Engage & Upsell,Increase purchase frequency and average spending,Provide targeted discounts and product recommendations. Use loyalty programs to encourage repeat purchases. Offer incentives to increase purchase frequency.
Willie Tyler,49,77006,0.5,7925.15,Budget,Convert & Increase Value,Increase engagement and gradually improve spending,"Promote affordable products and value-for-money offers. Provide discounts, bundles, and seasonal promotions. Gradually encourage higher-value purchases through bundles."
Matthew Duffy,61,72308,0.7,14430.78,Premium,Retain & Reward,Increase customer loyalty and lifetime value,Offer exclusive premium products and personalized deals. Provide loyalty rewards and early access to new products. Use targeted offers to increase purchase frequency.
Samantha Hansen,43,91783,0.6,14753.49,Premium,Retain & Reward,Increase customer loyalty and lifetime value,Offer exclusive premium products and personalized deals. Provide loyalty rewards and early access to new products. Use targeted offers to increase purchase frequency.
Samantha Roberts,37,65437,0.1,1827.185,Budget,Convert & Increase Value,Increase engagement and gradually improve spending,"Promote affordable products and value-for-money offers. Provide discounts, bundles, and seasonal promotions. Use low-cost promotional offers to encourage purchases."
Melinda Marshall,45,60679,0.2,4606.79,Budget,Convert & Increase Value,Increase engagement and gradually improve spending,"Promote affordable products and value-for-money offers. Provide discounts, bundles, and seasonal promotions. Use low-cost promotional offers to encourage purchases."
Stephen Williamson,61,50282,0.7,13659.87,Regular,Engage & Upsell,Increase purchase frequency and average spending,Provide targeted discounts and product recommendations. Use loyalty programs to encourage repeat purchases. Maintain engagement with personalized promotions.
Katherine Hartman,19,43992,0.8,9759.68,Regular,Engage & Upsell,Increase purchase frequency and average spending,Provide targeted discounts and product recommendations. Use loyalty programs to encourage repeat purchases. Maintain engagement with personalized promotions.
Scott Kelly,22,99160,0.1,1295.8,Budget,Convert & Increase Value,Increase engagement and gradually improve spending,"Promote affordable products and value-for-money offers. Provide discounts, bundles, and seasonal promotions. Use low-cost promotional offers to encourage purchases."
Douglas Hall,32,88182,0.7,8686.37,Premium,Retain & Reward,Increase customer loyalty and lifetime value,Offer exclusive premium products and personalized deals. Provide loyalty rewards and early access to new products. Use targeted offers to increase purchase frequency.
James Miller,61,57937,0.7,13927.795,Regular,Engage & Upsell,Increase purchase frequency and average spending,Provide targeted discounts and product recommendations. Use loyalty programs to encourage repeat purchases. Maintain engagement with personalized promotions.
Connor Matthews,46,40892,0.8,11235.68,Regular,Engage & Upsell,Increase purchase frequency and average spending,Provide targeted discounts and product recommendations. Use loyalty programs to encourage repeat purchases. Maintain engagement with personalized promotions.
Elizabeth Diaz,28,82075,0.5,6051.875,Budget,Convert & Increase Value,Increase engagement and gradually improve spending,"Promote affordable products and value-for-money offers. Provide discounts, bundles, and seasonal promotions. Gradually encourage higher-value purchases through bundles."
Kenneth Frazier,64,71273,0.1,2256.365,Budget,Convert & Increase Value,Increase engagement and gradually improve spending,"Promote affordable products and value-for-money offers. Provide discounts, bundles, and seasonal promotions. Use low-cost promotional offers to encourage purchases."
Andrew Davis,55,80464,0.2,4604.64,Budget,Convert & Increase Value,Increase engagement and gradually improve spending,"Promote affordable products and value-for-money offers. Provide discounts, bundles, and seasonal promotions. Use low-cost promotional offers to encourage purchases."
Amy Thomas,21,79609,0.5,6990.225,Budget,Convert & Increase Value,Increase engagement and gradually improve spending,"Promote affordable products and value-for-money offers. Provide discounts, bundles, and seasonal promotions. Gradually encourage higher-value purchases through bundles."
Misty Hayes,53,28918,0.7,15012.13,Regular,Engage & Upsell,Increase purchase frequency and average spending,Provide targeted discounts and product recommendations. Use loyalty programs to encourage repeat purchases. Maintain engagement with personalized promotions.
Christie Huffman,20,68345,0.1,841.725,Budget,Convert & Increase Value,Increase engagement and gradually improve spending,"Promote affordable products and value-for-money offers. Provide discounts, bundles, and seasonal promotions. Use low-cost promotional offers to encourage purchases."
Jennifer Joseph,36,20153,0.1,1300.765,Budget,Convert & Increase Value,Increase engagement and gradually improve spending,"Promote affordable products and value-for-money offers. Provide discounts, bundles, and seasonal promotions. Use low-cost promotional offers to encourage purchases."
Lisa Shelton,57,97851,0.3,5967.765,Budget,Convert & Increase Value,Increase engagement and gradually improve spending,"Promote affordable products and value-for-money offers. Provide discounts, bundles, and seasonal promotions. Gradually encourage higher-value purchases through bundles."
Brent Park,48,22650,0.9,12719.25,Regular,Engage & Upsell,Increase purchase frequency and average spending,Provide targeted discounts and product recommendations. Use loyalty programs to encourage repeat purchases. Maintain engagement with personalized promotions.
Kyle Palmer,26,28561,1.0,9428.05,Regular,Engage & Upsell,Increase purchase frequency and average spending,Provide targeted discounts and product recommendations. Use loyalty programs to encourage repeat purchases. Maintain engagement with personalized promotions.
Caleb Sullivan,60,33121,0.8,13324.84,Regular,Engage & Upsell,Increase purchase frequency and average spending,Provide targeted discounts and product recommendations. Use loyalty programs to encourage repeat purchases. Maintain engagement with personalized promotions.
Brenda Bonilla,45,82073,0.8,11282.92,Premium,Retain & Reward,Increase customer loyalty and lifetime value,Offer exclusive premium products and personalized deals. Provide loyalty rewards and early access to new products. Maintain engagement with frequent personalized campaigns.
Shaun Jackson,50,38113,0.6,7143.39,Regular,Engage & Upsell,Increase purchase frequency and average spending,Provide targeted discounts and product recommendations. Use loyalty programs to encourage repeat purchases. Offer incentives to increase purchase frequency.
Mary Hill,64,30583,0.9,16676.235,Regular,Engage & Upsell,Increase purchase frequency and average spending,Provide targeted discounts and product recommendations. Use loyalty programs to encourage repeat purchases. Maintain engagement with personalized promotions.
Kaitlin Murphy,20,69563,0.6,5086.89,Budget,Convert & Increase Value,Increase engagement and gradually improve spending,"Promote affordable products and value-for-money offers. Provide discounts, bundles, and seasonal promotions. Gradually encourage higher-value purchases through bundles."
Tina Simmons,51,60201,0.4,10004.02,Budget,Convert & Increase Value,Increase engagement and gradually improve spending,"Promote affordable products and value-for-money offers. Provide discounts, bundles, and seasonal promotions. Gradually encourage higher-value purchases through bundles."
Gordon Jacobson,54,99292,0.7,13975.22,Premium,Retain & Reward,Increase customer loyalty and lifetime value,Offer exclusive premium products and personalized deals. Provide loyalty rewards and early access to new products. Use targeted offers to increase purchase frequency.
Anthony Fox,41,86244,0.6,12787.32,Premium,Retain & Reward,Increase customer loyalty and lifetime value,Offer exclusive premium products and personalized deals. Provide loyalty rewards and early access to new products. Use targeted offers to increase purchase frequency.
Robert Short,19,38759,0.5,3468.975,Budget,Convert & Increase Value,Increase engagement and gradually improve spending,"Promote affordable products and value-for-money offers. Provide discounts, bundles, and seasonal promotions. Use low-cost promotional offers to encourage purchases."
Jacob Erickson,65,44407,0.2,3444.07,Budget,Convert & Increase Value,Increase engagement and gradually improve spending,"Promote affordable products and value-for-money offers. Provide discounts, bundles, and seasonal promotions. Use low-cost promotional offers to encourage purchases."
Brittney Cohen,49,56112,0.5,8902.8,Budget,Convert & Increase Value,Increase engagement and gradually improve spending,"Promote affordable products and value-for-money offers. Provide discounts, bundles, and seasonal promotions. Gradually encourage higher-value purchases through bundles."
Alicia Duncan,26,66045,0.6,8581.35,Budget,Convert & Increase Value,Increase engagement and gradually improve spending,"Promote affordable products and value-for-money offers. Provide discounts, bundles, and seasonal promotions. Gradually encourage higher-value purchases through bundles."
Robert Freeman,30,38954,0.5,8973.85,Budget,Convert & Increase Value,Increase engagement and gradually improve spending,"Promote affordable products and value-for-money offers. Provide discounts, bundles, and seasonal promotions. Gradually encourage higher-value purchases through bundles."
Jimmy Bowen,38,51845,0.6,7555.35,Budget,Convert & Increase Value,Increase engagement and gradually improve spending,"Promote affordable products and value-for-money offers. Provide discounts, bundles, and seasonal promotions. Gradually encourage higher-value purchases through bundles."
Susan Carroll,43,70837,0.9,16687.665,Premium,Retain & Reward,Increase customer loyalty and lifetime value,Offer exclusive premium products and personalized deals. Provide loyalty rewards and early access to new products. Maintain engagement with frequent personalized campaigns.
Katelyn Snyder,40,50352,0.7,12262.32,Regular,Engage & Upsell,Increase purchase frequency and average spending,Provide targeted discounts and product recommendations. Use loyalty programs to encourage repeat purchases. Maintain engagement with personalized promotions.
Aaron Martin,20,40872,0.5,7021.8,Budget,Convert & Increase Value,Increase engagement and gradually improve spending,"Promote affordable products and value-for-money offers. Provide discounts, bundles, and seasonal promotions. Gradually encourage higher-value purchases through bundles."
Matthew Moore,20,63899,0.7,7136.465,Budget,Convert & Increase Value,Increase engagement and gradually improve spending,"Promote affordable products and value-for-money offers. Provide discounts, bundles, and seasonal promotions. Gradually encourage higher-value purchases through bundles."
Michael Weber,18,43490,0.5,6087.25,Budget,Convert & Increase Value,Increase engagement and gradually improve spending,"Promote affordable products and value-for-money offers. Provide discounts, bundles, and seasonal promotions. Gradually encourage higher-value purchases through bundles."
Michael Patrick,41,85198,0.4,6903.96,Budget,Convert & Increase Value,Increase engagement and gradually improve spending,"Promote affordable products and value-for-money offers. Provide discounts, bundles, and seasonal promotions. Gradually encourage higher-value purchases through bundles."
Katie Cunningham,54,57376,0.1,2286.88,Budget,Convert & Increase Value,Increase engagement and gradually improve spending,"Promote affordable products and value-for-money offers. Provide discounts, bundles, and seasonal promotions. Use low-cost promotional offers to encourage purchases."
Edward Riggs,34,99532,0.3,3892.98,Budget,Convert & Increase Value,Increase engagement and gradually improve spending,"Promote affordable products and value-for-money offers. Provide discounts, bundles, and seasonal promotions. Use low-cost promotional offers to encourage purchases."
Cassandra Armstrong,39,50697,1.0,20534.85,Regular,Engage & Upsell,Increase purchase frequency and average spending,Provide targeted discounts and product recommendations. Use loyalty programs to encourage repeat purchases. Maintain engagement with personalized promotions.
Robert Hernandez,53,91185,0.4,6623.7,Budget,Convert & Increase Value,Increase engagement and gradually improve spending,"Promote affordable products and value-for-money offers. Provide discounts, bundles, and seasonal promotions. Gradually encourage higher-value purchases through bundles."
Dana Roberts,47,65435,0.6,12163.05,Premium,Retain & Reward,Increase customer loyalty and lifetime value,Offer exclusive premium products and personalized deals. Provide loyalty rewards and early access to new products. Use targeted offers to increase purchase frequency.
Keith Williams,25,67668,0.3,4915.02,Budget,Convert & Increase Value,Increase engagement and gradually improve spending,"Promote affordable products and value-for-money offers. Provide discounts, bundles, and seasonal promotions. Use low-cost promotional offers to encourage purchases."
Kathryn Leonard,48,98627,0.1,2293.135,Budget,Convert & Increase Value,Increase engagement and gradually improve spending,"Promote affordable products and value-for-money offers. Provide discounts, bundles, and seasonal promotions. Use low-cost promotional offers to encourage purchases."
Stephen Jones,60,74182,0.7,16596.37,Premium,Retain & Reward,Increase customer loyalty and lifetime value,Offer exclusive premium products and personalized deals. Provide loyalty rewards and early access to new products. Use targeted offers to increase purchase frequency.
Bryan Williams,28,69974,0.8,15598.96,Premium,Retain & Reward,Increase customer loyalty and lifetime value,Offer exclusive premium products and personalized deals. Provide loyalty rewards and early access to new products. Maintain engagement with frequent personalized campaigns.
Anne Stewart,65,28279,0.3,5524.185,Budget,Convert & Increase Value,Increase engagement and gradually improve spending,"Promote affordable products and value-for-money offers. Provide discounts, bundles, and seasonal promotions. Gradually encourage higher-value purchases through bundles."
Matthew Ramirez Jr.,54,44193,0.2,3841.93,Budget,Convert & Increase Value,Increase engagement and gradually improve spending,"Promote affordable products and value-for-money offers. Provide discounts, bundles, and seasonal promotions. Use low-cost promotional offers to encourage purchases."
Jennifer Owens,27,72157,0.5,8303.925,Budget,Convert & Increase Value,Increase engagement and gradually improve spending,"Promote affordable products and value-for-money offers. Provide discounts, bundles, and seasonal promotions. Gradually encourage higher-value purchases through bundles."
Brooke Nelson,51,90579,0.7,16470.265,Premium,Retain & Reward,Increase customer loyalty and lifetime value,Offer exclusive premium products and personalized deals. Provide loyalty rewards and early access to new products. Use targeted offers to increase purchase frequency.
Ashley Marshall,49,52873,1.0,14643.65,Regular,Engage & Upsell,Increase purchase frequency and average spending,Provide targeted discounts and product recommendations. Use loyalty programs to encourage repeat purchases. Maintain engagement with personalized promotions.
Tammy Nguyen,38,57342,0.7,13906.97,Premium,Retain & Reward,Increase customer loyalty and lifetime value,Offer exclusive premium products and personalized deals. Provide loyalty rewards and early access to new products. Use targeted offers to increase purchase frequency.
Denise Manning,56,87337,0.9,21930.165,Premium,Retain & Reward,Increase customer loyalty and lifetime value,Offer exclusive premium products and personalized deals. Provide loyalty rewards and early access to new products. Maintain engagement with frequent personalized campaigns.
Gregory Nixon,30,73303,0.1,1866.515,Budget,Convert & Increase Value,Increase engagement and gradually improve spending,"Promote affordable products and value-for-money offers. Provide discounts, bundles, and seasonal promotions. Use low-cost promotional offers to encourage purchases."
Brian Fleming,19,56471,0.1,982.355,Budget,Convert & Increase Value,Increase engagement and gradually improve spending,"Promote affordable products and value-for-money offers. Provide discounts, bundles, and seasonal promotions. Use low-cost promotional offers to encourage purchases."
Ronald Tyler,19,89930,0.6,11697.9,Premium,Retain & Reward,Increase customer loyalty and lifetime value,Offer exclusive premium products and personalized deals. Provide loyalty rewards and early access to new products. Use targeted offers to increase purchase frequency.
Melissa Atkins,53,92860,0.8,21314.4,Premium,Retain & Reward,Increase customer loyalty and lifetime value,Offer exclusive premium products and personalized deals. Provide loyalty rewards and early access to new products. Maintain engagement with frequent personalized campaigns.
James Brown,55,99582,0.6,10187.46,Premium,Retain & Reward,Increase customer loyalty and lifetime value,Offer exclusive premium products and personalized deals. Provide loyalty rewards and early access to new products. Use targeted offers to increase purchase frequency.
Charles Henderson,31,28740,0.4,7774.8,Budget,Convert & Increase Value,Increase engagement and gradually improve spending,"Promote affordable products and value-for-money offers. Provide discounts, bundles, and seasonal promotions. Gradually encourage higher-value purchases through bundles."
Brent Baker,24,36870,0.8,11874.8,Regular,Engage & Upsell,Increase purchase frequency and average spending,Provide targeted discounts and product recommendations. Use loyalty programs to encourage repeat purchases. Maintain engagement with personalized promotions.
Jennifer Gutierrez,38,84060,0.5,9601.5,Premium,Retain & Reward,Increase customer loyalty and lifetime value,Offer exclusive premium products and personalized deals. Provide loyalty rewards and early access to new products. Use targeted offers to increase purchase frequency.
Thomas Castro,49,25887,0.6,9776.61,Regular,Engage & Upsell,Increase purchase frequency and average spending,Provide targeted discounts and product recommendations. Use loyalty programs to encourage repeat purchases. Offer incentives to increase purchase frequency.
Connor Lee,50,90137,1.0,24506.85,Premium,Retain & Reward,Increase customer loyalty and lifetime value,Offer exclusive premium products and personalized deals. Provide loyalty rewards and early access to new products. Maintain engagement with frequent personalized campaigns.
Jeffery Adams,24,86048,0.3,4290.72,Budget,Convert & Increase Value,Increase engagement and gradually improve spending,"Promote affordable products and value-for-money offers. Provide discounts, bundles, and seasonal promotions. Use low-cost promotional offers to encourage purchases."
Tiffany Reed,27,45501,0.1,1527.505,Budget,Convert & Increase Value,Increase engagement and gradually improve spending,"Promote affordable products and value-for-money offers. Provide discounts, bundles, and seasonal promotions. Use low-cost promotional offers to encourage purchases."
Ronald Carter,19,30220,1.0,16511.0,Regular,Engage & Upsell,Increase purchase frequency and average spending,Provide targeted discounts and product recommendations. Use loyalty programs to encourage repeat purchases. Maintain engagement with personalized promotions.
Stephanie Wagner,51,81139,1.0,19056.95,Premium,Retain & Reward,Increase customer loyalty and lifetime value,Offer exclusive premium products and personalized deals. Provide loyalty rewards and early access to new products. Maintain engagement with frequent personalized campaigns.
Olivia Leon,26,59644,0.6,7789.32,Budget,Convert & Increase Value,Increase engagement and gradually improve spending,"Promote affordable products and value-for-money offers. Provide discounts, bundles, and seasonal promotions. Gradually encourage higher-value purchases through bundles."
Jason Hayes MD,26,25604,0.6,9768.12,Regular,Engage & Upsell,Increase purchase frequency and average spending,Provide targeted discounts and product recommendations. Use loyalty programs to encourage repeat purchases. Offer incentives to increase purchase frequency.
Wanda Wiley,24,60165,0.5,4004.125,Budget,Convert & Increase Value,Increase engagement and gradually improve spending,"Promote affordable products and value-for-money offers. Provide discounts, bundles, and seasonal promotions. Use low-cost promotional offers to encourage purchases."
Susan Juarez,55,20931,0.8,14437.24,Regular,Engage & Upsell,Increase purchase frequency and average spending,Provide targeted discounts and product recommendations. Use loyalty programs to encourage repeat purchases. Maintain engagement with personalized promotions.
Daniel Baker,43,31970,0.7,11618.95,Regular,Engage & Upsell,Increase purchase frequency and average spending,Provide targeted discounts and product recommendations. Use loyalty programs to encourage repeat purchases. Maintain engagement with personalized promotions.
Jessica Bell,35,84592,0.7,15560.72,Premium,Retain & Reward,Increase customer loyalty and lifetime value,Offer exclusive premium products and personalized deals. Provide loyalty rewards and early access to new products. Use targeted offers to increase purchase frequency.
Jessica Tate,27,75585,0.4,6711.7,Budget,Convert & Increase Value,Increase engagement and gradually improve spending,"Promote affordable products and value-for-money offers. Provide discounts, bundles, and seasonal promotions. Gradually encourage higher-value purchases through bundles."
Katherine Dominguez,35,80946,0.6,9028.38,Premium,Retain & Reward,Increase customer loyalty and lifetime value,Offer exclusive premium products and personalized deals. Provide loyalty rewards and early access to new products. Use targeted offers to increase purchase frequency.
Joshua Rowland,41,65035,0.4,9300.7,Budget,Convert & Increase Value,Increase engagement and gradually improve spending,"Promote affordable products and value-for-money offers. Provide discounts, bundles, and seasonal promotions. Gradually encourage higher-value purchases through bundles."
Kevin Hubbard,28,64545,0.4,6490.9,Budget,Convert & Increase Value,Increase engagement and gradually improve spending,"Promote affordable products and value-for-money offers. Provide discounts, bundles, and seasonal promotions. Gradually encourage higher-value purchases through bundles."
Christian Black,49,90344,1.0,14517.2,Premium,Retain & Reward,Increase customer loyalty and lifetime value,Offer exclusive premium products and personalized deals. Provide loyalty rewards and early access to new products. Maintain engagement with frequent personalized campaigns.
Victor Baker,56,42831,0.2,4228.31,Budget,Convert & Increase Value,Increase engagement and gradually improve spending,"Promote affordable products and value-for-money offers. Provide discounts, bundles, and seasonal promotions. Use low-cost promotional offers to encourage purchases."
Daniel Wright,60,55692,0.6,11870.76,Regular,Engage & Upsell,Increase purchase frequency and average spending,Provide targeted discounts and product recommendations. Use loyalty programs to encourage repeat purchases. Offer incentives to increase purchase frequency.
Sarah Gibson,60,69655,0.6,9289.65,Premium,Retain & Reward,Increase customer loyalty and lifetime value,Offer exclusive premium products and personalized deals. Provide loyalty rewards and early access to new products. Use targeted offers to increase purchase frequency.
Casey Mccoy,38,20197,0.4,7203.94,Budget,Convert & Increase Value,Increase engagement and gradually improve spending,"Promote affordable products and value-for-money offers. Provide discounts, bundles, and seasonal promotions. Gradually encourage higher-value purchases through bundles."
Ian Morris,60,42250,0.9,17201.25,Regular,Engage & Upsell,Increase purchase frequency and average spending,Provide targeted discounts and product recommendations. Use loyalty programs to encourage repeat purchases. Maintain engagement with personalized promotions.
Anthony Moore,28,30401,0.9,13068.045,Regular,Engage & Upsell,Increase purchase frequency and average spending,Provide targeted discounts and product recommendations. Use loyalty programs to encourage repeat purchases. Maintain engagement with personalized promotions.
Amanda Cohen,34,69656,0.2,2296.56,Budget,Convert & Increase Value,Increase engagement and gradually improve spending,"Promote affordable products and value-for-money offers. Provide discounts, bundles, and seasonal promotions. Use low-cost promotional offers to encourage purchases."
Sharon Savage,43,38456,0.3,6576.84,Budget,Convert & Increase Value,Increase engagement and gradually improve spending,"Promote affordable products and value-for-money offers. Provide discounts, bundles, and seasonal promotions. Gradually encourage higher-value purchases through bundles."
Elizabeth Rodriguez,21,35694,0.7,6849.29,Budget,Convert & Increase Value,Increase engagement and gradually improve spending,"Promote affordable products and value-for-money offers. Provide discounts, bundles, and seasonal promotions. Gradually encourage higher-value purchases through bundles."
Paula Branch,56,30726,1.0,18536.3,Regular,Engage & Upsell,Increase purchase frequency and average spending,Provide targeted discounts and product recommendations. Use loyalty programs to encourage repeat purchases. Maintain engagement with personalized promotions.
Dr. Cory Roth,55,59600,0.7,12586.0,Regular,Engage & Upsell,Increase purchase frequency and average spending,Provide targeted discounts and product recommendations. Use loyalty programs to encourage repeat purchases. Maintain engagement with personalized promotions.
Sara Marquez,29,64265,0.3,5463.975,Budget,Convert & Increase Value,Increase engagement and gradually improve spending,"Promote affordable products and value-for-money offers. Provide discounts, bundles, and seasonal promotions. Gradually encourage higher-value purchases through bundles."
Kathleen Smith,59,43226,0.3,6348.39,Budget,Convert & Increase Value,Increase engagement and gradually improve spending,"Promote affordable products and value-for-money offers. Provide discounts, bundles, and seasonal promotions. Gradually encourage higher-value purchases through bundles."
Samuel Fowler,64,88173,0.6,11645.19,Premium,Retain & Reward,Increase customer loyalty and lifetime value,Offer exclusive premium products and personalized deals. Provide loyalty rewards and early access to new products. Use targeted offers to increase purchase frequency.
Candice Gilmore,61,63517,0.9,15458.265,Regular,Engage & Upsell,Increase purchase frequency and average spending,Provide targeted discounts and product recommendations. Use loyalty programs to encourage repeat purchases. Maintain engagement with personalized promotions.
Shannon Campbell,45,27374,0.3,6410.61,Budget,Convert & Increase Value,Increase engagement and gradually improve spending,"Promote affordable products and value-for-money offers. Provide discounts, bundles, and seasonal promotions. Gradually encourage higher-value purchases through bundles."
Krista Joyce,40,49645,0.4,8192.9,Budget,Convert & Increase Value,Increase engagement and gradually improve spending,"Promote affordable products and value-for-money offers. Provide discounts, bundles, and seasonal promotions. Gradually encourage higher-value purchases through bundles."
Emily Sanders,22,76912,0.2,3369.12,Budget,Convert & Increase Value,Increase engagement and gradually improve spending,"Promote affordable products and value-for-money offers. Provide discounts, bundles, and seasonal promotions. Use low-cost promotional offers to encourage purchases."
Charles Williams,41,62252,0.3,3933.78,Budget,Convert & Increase Value,Increase engagement and gradually improve spending,"Promote affordable products and value-for-money offers. Provide discounts, bundles, and seasonal promotions. Use low-cost promotional offers to encourage purchases."
Angie Wheeler,30,85087,0.6,10352.61,Premium,Retain & Reward,Increase customer loyalty and lifetime value,Offer exclusive premium products and personalized deals. Provide loyalty rewards and early access to new products. Use targeted offers to increase purchase frequency.
Jason Bender,55,58796,0.1,2193.98,Budget,Convert & Increase Value,Increase engagement and gradually improve spending,"Promote affordable products and value-for-money offers. Provide discounts, bundles, and seasonal promotions. Use low-cost promotional offers to encourage purchases."
Rebecca Johnson DDS,57,45652,0.9,17354.34,Regular,Engage & Upsell,Increase purchase frequency and average spending,Provide targeted discounts and product recommendations. Use loyalty programs to encourage repeat purchases. Maintain engagement with personalized promotions.
Tammy Camacho,53,77634,0.3,6264.51,Budget,Convert & Increase Value,Increase engagement and gradually improve spending,"Promote affordable products and value-for-money offers. Provide discounts, bundles, and seasonal promotions. Gradually encourage higher-value purchases through bundles."
Taylor Thomas,25,89489,0.9,15727.005,Premium,Retain & Reward,Increase customer loyalty and lifetime value,Offer exclusive premium products and personalized deals. Provide loyalty rewards and early access to new products. Maintain engagement with frequent personalized campaigns.
Katherine Parrish,53,61615,1.0,25080.75,Regular,Engage & Upsell,Increase purchase frequency and average spending,Provide targeted discounts and product recommendations. Use loyalty programs to encourage repeat purchases. Maintain engagement with personalized promotions.
Jacqueline Cross,39,84799,0.3,5771.985,Budget,Convert & Increase Value,Increase engagement and gradually improve spending,"Promote affordable products and value-for-money offers. Provide discounts, bundles, and seasonal promotions. Gradually encourage higher-value purchases through bundles."
Tiffany Young,51,38324,0.1,2191.62,Budget,Convert & Increase Value,Increase engagement and gradually improve spending,"Promote affordable products and value-for-money offers. Provide discounts, bundles, and seasonal promotions. Use low-cost promotional offers to encourage purchases."
Tina Griffin,23,34337,0.1,971.685,Budget,Convert & Increase Value,Increase engagement and gradually improve spending,"Promote affordable products and value-for-money offers. Provide discounts, bundles, and seasonal promotions. Use low-cost promotional offers to encourage purchases."
Mrs. Nicole Sutton MD,38,28219,0.1,1641.095,Budget,Convert & Increase Value,Increase engagement and gradually improve spending,"Promote affordable products and value-for-money offers. Provide discounts, bundles, and seasonal promotions. Use low-cost promotional offers to encourage purchases."
Rita Poole,32,70176,0.9,14857.92,Premium,Retain & Reward,Increase customer loyalty and lifetime value,Offer exclusive premium products and personalized deals. Provide loyalty rewards and early access to new products. Maintain engagement with frequent personalized campaigns.
Robert Scott,57,47499,0.7,17062.465,Regular,Engage & Upsell,Increase purchase frequency and average spending,Provide targeted discounts and product recommendations. Use loyalty programs to encourage repeat purchases. Maintain engagement with personalized promotions.
Ryan Smith,64,94575,0.1,1972.875,Budget,Convert & Increase Value,Increase engagement and gradually improve spending,"Promote affordable products and value-for-money offers. Provide discounts, bundles, and seasonal promotions. Use low-cost promotional offers to encourage purchases."
Alyssa Ortega,46,40115,0.4,8002.3,Budget,Convert & Increase Value,Increase engagement and gradually improve spending,"Promote affordable products and value-for-money offers. Provide discounts, bundles, and seasonal promotions. Gradually encourage higher-value purchases through bundles."
John Owens,22,56774,0.5,6419.35,Budget,Convert & Increase Value,Increase engagement and gradually improve spending,"Promote affordable products and value-for-money offers. Provide discounts, bundles, and seasonal promotions. Gradually encourage higher-value purchases through bundles."
George Golden,46,84377,0.6,14531.31,Premium,Retain & Reward,Increase customer loyalty and lifetime value,Offer exclusive premium products and personalized deals. Provide loyalty rewards and early access to new products. Use targeted offers to increase purchase frequency.
Lauren Brown,35,90020,0.6,13500.6,Premium,Retain & Reward,Increase customer loyalty and lifetime value,Offer exclusive premium products and personalized deals. Provide loyalty rewards and early access to new products. Use targeted offers to increase purchase frequency.
Alexis Potts,43,56741,0.1,2283.705,Budget,Convert & Increase Value,Increase engagement and gradually improve spending,"Promote affordable products and value-for-money offers. Provide discounts, bundles, and seasonal promotions. Use low-cost promotional offers to encourage purchases."
Theresa Ryan,31,72843,0.7,13049.505,Premium,Retain & Reward,Increase customer loyalty and lifetime value,Offer exclusive premium products and personalized deals. Provide loyalty rewards and early access to new products. Use targeted offers to increase purchase frequency.
Michael Sullivan,65,82563,0.4,7651.26,Budget,Convert & Increase Value,Increase engagement and gradually improve spending,"Promote affordable products and value-for-money offers. Provide discounts, bundles, and seasonal promotions. Gradually encourage higher-value purchases through bundles."
William Richards,28,55478,0.9,9696.51,Premium,Retain & Reward,Increase customer loyalty and lifetime value,Offer exclusive premium products and personalized deals. Provide loyalty rewards and early access to new products. Maintain engagement with frequent personalized campaigns.
Dorothy Allen,50,83564,0.2,3435.64,Budget,Convert & Increase Value,Increase engagement and gradually improve spending,"Promote affordable products and value-for-money offers. Provide discounts, bundles, and seasonal promotions. Use low-cost promotional offers to encourage purchases."
John Little,48,44076,0.2,4040.76,Budget,Convert & Increase Value,Increase engagement and gradually improve spending,"Promote affordable products and value-for-money offers. Provide discounts, bundles, and seasonal promotions. Use low-cost promotional offers to encourage purchases."
Scott Ramirez,21,32382,1.0,6619.1,Regular,Engage & Upsell,Increase purchase frequency and average spending,Provide targeted discounts and product recommendations. Use loyalty programs to encourage repeat purchases. Maintain engagement with personalized promotions.
Adam Frazier,26,67068,0.6,8612.04,Premium,Retain & Reward,Increase customer loyalty and lifetime value,Offer exclusive premium products and personalized deals. Provide loyalty rewards and early access to new products. Use targeted offers to increase purchase frequency.
Francisco Ramirez,24,84001,0.3,5160.015,Budget,Convert & Increase Value,Increase engagement and gradually improve spending,"Promote affordable products and value-for-money offers. Provide discounts, bundles, and seasonal promotions. Gradually encourage higher-value purchases through bundles."
Alexis Davis,39,98275,1.0,17913.75,Premium,Retain & Reward,Increase customer loyalty and lifetime value,Offer exclusive premium products and personalized deals. Provide loyalty rewards and early access to new products. Maintain engagement with frequent personalized campaigns.
Greg Mcgrath,46,38394,0.7,9743.79,Regular,Engage & Upsell,Increase purchase frequency and average spending,Provide targeted discounts and product recommendations. Use loyalty programs to encourage repeat purchases. Maintain engagement with personalized promotions.
Tammy Rojas,24,43321,0.5,5083.025,Budget,Convert & Increase Value,Increase engagement and gradually improve spending,"Promote affordable products and value-for-money offers. Provide discounts, bundles, and seasonal promotions. Gradually encourage higher-value purchases through bundles."
David Hernandez,35,78404,0.6,10152.12,Premium,Retain & Reward,Increase customer loyalty and lifetime value,Offer exclusive premium products and personalized deals. Provide loyalty rewards and early access to new products. Use targeted offers to increase purchase frequency.
Matthew Collins,52,71944,0.1,1559.72,Budget,Convert & Increase Value,Increase engagement and gradually improve spending,"Promote affordable products and value-for-money offers. Provide discounts, bundles, and seasonal promotions. Use low-cost promotional offers to encourage purchases."
Jordan Rodriguez,21,77042,0.4,5540.84,Budget,Convert & Increase Value,Increase engagement and gradually improve spending,"Promote affordable products and value-for-money offers. Provide discounts, bundles, and seasonal promotions. Gradually encourage higher-value purchases through bundles."
Anthony Norris,39,63019,0.2,3030.19,Budget,Convert & Increase Value,Increase engagement and gradually improve spending,"Promote affordable products and value-for-money offers. Provide discounts, bundles, and seasonal promotions. Use low-cost promotional offers to encourage purchases."
Janet Reyes,48,52114,0.7,13723.99,Regular,Engage & Upsell,Increase purchase frequency and average spending,Provide targeted discounts and product recommendations. Use loyalty programs to encourage repeat purchases. Maintain engagement with personalized promotions.
Laura Potter,63,63459,0.3,6051.885,Budget,Convert & Increase Value,Increase engagement and gradually improve spending,"Promote affordable products and value-for-money offers. Provide discounts, bundles, and seasonal promotions. Gradually encourage higher-value purchases through bundles."
Mr. Jason Conway DDS,23,20814,1.0,16040.7,Regular,Engage & Upsell,Increase purchase frequency and average spending,Provide targeted discounts and product recommendations. Use loyalty programs to encourage repeat purchases. Maintain engagement with personalized promotions.
Nathan Wagner,58,93113,1.0,19655.65,Premium,Retain & Reward,Increase customer loyalty and lifetime value,Offer exclusive premium products and personalized deals. Provide loyalty rewards and early access to new products. Maintain engagement with frequent personalized campaigns.
Marie Brown,39,71060,0.5,7776.5,Budget,Convert & Increase Value,Increase engagement and gradually improve spending,"Promote affordable products and value-for-money offers. Provide discounts, bundles, and seasonal promotions. Gradually encourage higher-value purchases through bundles."
Joe Fry,47,73015,0.1,1565.075,Budget,Convert & Increase Value,Increase engagement and gradually improve spending,"Promote affordable products and value-for-money offers. Provide discounts, bundles, and seasonal promotions. Use low-cost promotional offers to encourage purchases."
Mrs. Cynthia Murphy,47,59397,0.6,9581.91,Regular,Engage & Upsell,Increase purchase frequency and average spending,Provide targeted discounts and product recommendations. Use loyalty programs to encourage repeat purchases. Offer incentives to increase purchase frequency.
Evan Carter,37,78285,0.1,2191.425,Budget,Convert & Increase Value,Increase engagement and gradually improve spending,"Promote affordable products and value-for-money offers. Provide discounts, bundles, and seasonal promotions. Use low-cost promotional offers to encourage purchases."
Betty Frazier,56,74277,0.1,2071.385,Budget,Convert & Increase Value,Increase engagement and gradually improve spending,"Promote affordable products and value-for-money offers. Provide discounts, bundles, and seasonal promotions. Use low-cost promotional offers to encourage purchases."
Leslie May,37,30257,0.7,10158.995,Regular,Engage & Upsell,Increase purchase frequency and average spending,Provide targeted discounts and product recommendations. Use loyalty programs to encourage repeat purchases. Maintain engagement with personalized promotions.
Charles Johns,50,75070,0.6,11252.1,Premium,Retain & Reward,Increase customer loyalty and lifetime value,Offer exclusive premium products and personalized deals. Provide loyalty rewards and early access to new products. Use targeted offers to increase purchase frequency.
Patricia Horn,26,30804,0.2,2908.04,Budget,Convert & Increase Value,Increase engagement and gradually improve spending,"Promote affordable products and value-for-money offers. Provide discounts, bundles, and seasonal promotions. Use low-cost promotional offers to encourage purchases."
Kimberly Burke,33,82700,0.4,6054.0,Budget,Convert & Increase Value,Increase engagement and gradually improve spending,"Promote affordable products and value-for-money offers. Provide discounts, bundles, and seasonal promotions. Gradually encourage higher-value purchases through bundles."
Jennifer Leach,19,54643,0.6,8839.29,Budget,Convert & Increase Value,Increase engagement and gradually improve spending,"Promote affordable products and value-for-money offers. Provide discounts, bundles, and seasonal promotions. Gradually encourage higher-value purchases through bundles."
Sarah Cortez,55,88051,0.1,2640.255,Budget,Convert & Increase Value,Increase engagement and gradually improve spending,"Promote affordable products and value-for-money offers. Provide discounts, bundles, and seasonal promotions. Use low-cost promotional offers to encourage purchases."
Patrick Hernandez,37,49206,0.8,17968.24,Regular,Engage & Upsell,Increase purchase frequency and average spending,Provide targeted discounts and product recommendations. Use loyalty programs to encourage repeat purchases. Maintain engagement with personalized promotions.
Justin Perkins,18,48098,1.0,14404.9,Regular,Engage & Upsell,Increase purchase frequency and average spending,Provide targeted discounts and product recommendations. Use loyalty programs to encourage repeat purchases. Maintain engagement with personalized promotions.
Ryan Davis,40,43207,0.5,8580.175,Budget,Convert & Increase Value,Increase engagement and gradually improve spending,"Promote affordable products and value-for-money offers. Provide discounts, bundles, and seasonal promotions. Gradually encourage higher-value purchases through bundles."
Michael Scott,30,69542,0.3,4943.13,Budget,Convert & Increase Value,Increase engagement and gradually improve spending,"Promote affordable products and value-for-money offers. Provide discounts, bundles, and seasonal promotions. Use low-cost promotional offers to encourage purchases."
Barbara Blanchard,37,73179,0.1,1865.895,Budget,Convert & Increase Value,Increase engagement and gradually improve spending,"Promote affordable products and value-for-money offers. Provide discounts, bundles, and seasonal promotions. Use low-cost promotional offers to encourage purchases."
Christina Morris,60,71161,0.7,12990.635,Premium,Retain & Reward,Increase customer loyalty and lifetime value,Offer exclusive premium products and personalized deals. Provide loyalty rewards and early access to new products. Use targeted offers to increase purchase frequency.
Kelly Morales DDS,23,90214,0.2,2502.14,Budget,Convert & Increase Value,Increase engagement and gradually improve spending,"Promote affordable products and value-for-money offers. Provide discounts, bundles, and seasonal promotions. Use low-cost promotional offers to encourage purchases."
Andrea Harrison,31,93124,1.0,22656.2,Premium,Retain & Reward,Increase customer loyalty and lifetime value,Offer exclusive premium products and personalized deals. Provide loyalty rewards and early access to new products. Maintain engagement with frequent personalized campaigns.
Andrea Thomas,24,99376,1.0,12968.8,Premium,Retain & Reward,Increase customer loyalty and lifetime value,Offer exclusive premium products and personalized deals. Provide loyalty rewards and early access to new products. Maintain engagement with frequent personalized campaigns.
Jeffrey Reilly,56,54101,0.4,9082.02,Budget,Convert & Increase Value,Increase engagement and gradually improve spending,"Promote affordable products and value-for-money offers. Provide discounts, bundles, and seasonal promotions. Gradually encourage higher-value purchases through bundles."
David Hood,52,29603,0.1,2148.015,Budget,Convert & Increase Value,Increase engagement and gradually improve spending,"Promote affordable products and value-for-money offers. Provide discounts, bundles, and seasonal promotions. Use low-cost promotional offers to encourage purchases."
Douglas Gonzales,59,42457,0.8,13698.28,Regular,Engage & Upsell,Increase purchase frequency and average spending,Provide targeted discounts and product recommendations. Use loyalty programs to encourage repeat purchases. Maintain engagement with personalized promotions.
Sylvia Hughes,60,95351,1.0,21767.55,Premium,Retain & Reward,Increase customer loyalty and lifetime value,Offer exclusive premium products and personalized deals. Provide loyalty rewards and early access to new products. Maintain engagement with frequent personalized campaigns.
Jeffrey Levy,23,91482,0.1,1457.41,Budget,Convert & Increase Value,Increase engagement and gradually improve spending,"Promote affordable products and value-for-money offers. Provide discounts, bundles, and seasonal promotions. Use low-cost promotional offers to encourage purchases."
Eric Gray,57,91637,0.4,9432.74,Premium,Retain & Reward,Increase customer loyalty and lifetime value,Offer exclusive premium products and personalized deals. Provide loyalty rewards and early access to new products. Use targeted offers to increase purchase frequency.
Tyler Burton,55,95225,0.7,13132.875,Premium,Retain & Reward,Increase customer loyalty and lifetime value,Offer exclusive premium products and personalized deals. Provide loyalty rewards and early access to new products. Use targeted offers to increase purchase frequency.
Amy Butler,40,56694,0.6,10700.82,Regular,Engage & Upsell,Increase purchase frequency and average spending,Provide targeted discounts and product recommendations. Use loyalty programs to encourage repeat purchases. Offer incentives to increase purchase frequency.
Sarah Williams,24,66151,0.1,1330.755,Budget,Convert & Increase Value,Increase engagement and gradually improve spending,"Promote affordable products and value-for-money offers. Provide discounts, bundles, and seasonal promotions. Use low-cost promotional offers to encourage purchases."
Melvin Johnson,64,21110,0.7,14738.85,Regular,Engage & Upsell,Increase purchase frequency and average spending,Provide targeted discounts and product recommendations. Use loyalty programs to encourage repeat purchases. Maintain engagement with personalized promotions.
Melissa Fisher,32,58522,0.1,2092.61,Budget,Convert & Increase Value,Increase engagement and gradually improve spending,"Promote affordable products and value-for-money offers. Provide discounts, bundles, and seasonal promotions. Use low-cost promotional offers to encourage purchases."
Victoria Smith,29,21794,0.1,1108.97,Budget,Convert & Increase Value,Increase engagement and gradually improve spending,"Promote affordable products and value-for-money offers. Provide discounts, bundles, and seasonal promotions. Use low-cost promotional offers to encourage purchases."
Barbara Murphy,23,70287,1.0,16514.35,Premium,Retain & Reward,Increase customer loyalty and lifetime value,Offer exclusive premium products and personalized deals. Provide loyalty rewards and early access to new products. Maintain engagement with frequent personalized campaigns.
Wanda Ward,29,23907,0.1,919.535,Budget,Convert & Increase Value,Increase engagement and gradually improve spending,"Promote affordable products and value-for-money offers. Provide discounts, bundles, and seasonal promotions. Use low-cost promotional offers to encourage purchases."
Joshua Ross,43,42434,0.7,13385.19,Regular,Engage & Upsell,Increase purchase frequency and average spending,Provide targeted discounts and product recommendations. Use loyalty programs to encourage repeat purchases. Maintain engagement with personalized promotions.
Danielle Clay,19,87998,0.4,7759.96,Budget,Convert & Increase Value,Increase engagement and gradually improve spending,"Promote affordable products and value-for-money offers. Provide discounts, bundles, and seasonal promotions. Gradually encourage higher-value purchases through bundles."
Candice Chase,50,24226,0.7,11347.91,Regular,Engage & Upsell,Increase purchase frequency and average spending,Provide targeted discounts and product recommendations. Use loyalty programs to encourage repeat purchases. Maintain engagement with personalized promotions.
Andrea Reeves,49,64340,0.8,12973.6,Premium,Retain & Reward,Increase customer loyalty and lifetime value,Offer exclusive premium products and personalized deals. Provide loyalty rewards and early access to new products. Maintain engagement with frequent personalized campaigns.
Cynthia Nunez,64,47834,0.1,1739.17,Budget,Convert & Increase Value,Increase engagement and gradually improve spending,"Promote affordable products and value-for-money offers. Provide discounts, bundles, and seasonal promotions. Use low-cost promotional offers to encourage purchases."
John Osborne,30,62407,0.6,9672.21,Premium,Retain & Reward,Increase customer loyalty and lifetime value,Offer exclusive premium products and personalized deals. Provide loyalty rewards and early access to new products. Use targeted offers to increase purchase frequency.
Deborah Crawford,64,43658,1.0,19182.9,Regular,Engage & Upsell,Increase purchase frequency and average spending,Provide targeted discounts and product recommendations. Use loyalty programs to encourage repeat purchases. Maintain engagement with personalized promotions.
Mike Campbell,64,27243,0.7,14253.505,Regular,Engage & Upsell,Increase purchase frequency and average spending,Provide targeted discounts and product recommendations. Use loyalty programs to encourage repeat purchases. Maintain engagement with personalized promotions.
Cathy Campos,25,69806,0.4,5396.12,Budget,Convert & Increase Value,Increase engagement and gradually improve spending,"Promote affordable products and value-for-money offers. Provide discounts, bundles, and seasonal promotions. Gradually encourage higher-value purchases through bundles."
Mikayla Foster,44,93412,0.8,15736.48,Premium,Retain & Reward,Increase customer loyalty and lifetime value,Offer exclusive premium products and personalized deals. Provide loyalty rewards and early access to new products. Maintain engagement with frequent personalized campaigns.
Michael Owens,57,88787,0.4,7375.74,Budget,Convert & Increase Value,Increase engagement and gradually improve spending,"Promote affordable products and value-for-money offers. Provide discounts, bundles, and seasonal promotions. Gradually encourage higher-value purchases through bundles."
Timothy Miller,31,49392,1.0,20469.6,Regular,Engage & Upsell,Increase purchase frequency and average spending,Provide targeted discounts and product recommendations. Use loyalty programs to encourage repeat purchases. Maintain engagement with personalized promotions.
Deborah Martinez,64,40091,0.3,4201.365,Budget,Convert & Increase Value,Increase engagement and gradually improve spending,"Promote affordable products and value-for-money offers. Provide discounts, bundles, and seasonal promotions. Use low-cost promotional offers to encourage purchases."
Natalie Bell,37,34914,0.3,5023.71,Budget,Convert & Increase Value,Increase engagement and gradually improve spending,"Promote affordable products and value-for-money offers. Provide discounts, bundles, and seasonal promotions. Gradually encourage higher-value purchases through bundles."
Kimberly Duncan,57,53608,0.1,2268.04,Budget,Convert & Increase Value,Increase engagement and gradually improve spending,"Promote affordable products and value-for-money offers. Provide discounts, bundles, and seasonal promotions. Use low-cost promotional offers to encourage purchases."
Gregory Gonzalez,41,87512,0.4,5750.24,Budget,Convert & Increase Value,Increase engagement and gradually improve spending,"Promote affordable products and value-for-money offers. Provide discounts, bundles, and seasonal promotions. Gradually encourage higher-value purchases through bundles."
James Allen,63,74625,0.1,2273.125,Budget,Convert & Increase Value,Increase engagement and gradually improve spending,"Promote affordable products and value-for-money offers. Provide discounts, bundles, and seasonal promotions. Use low-cost promotional offers to encourage purchases."
Lauren Taylor,33,64200,0.2,3242.0,Budget,Convert & Increase Value,Increase engagement and gradually improve spending,"Promote affordable products and value-for-money offers. Provide discounts, bundles, and seasonal promotions. Use low-cost promotional offers to encourage purchases."
Jennifer Liu,62,68641,0.5,12716.025,Premium,Retain & Reward,Increase customer loyalty and lifetime value,Offer exclusive premium products and personalized deals. Provide loyalty rewards and early access to new products. Use targeted offers to increase purchase frequency.
Krystal Mitchell,21,67077,0.5,5176.925,Budget,Convert & Increase Value,Increase engagement and gradually improve spending,"Promote affordable products and value-for-money offers. Provide discounts, bundles, and seasonal promotions. Gradually encourage higher-value purchases through bundles."
Miss Jessica Ramirez,30,51612,0.4,6232.24,Budget,Convert & Increase Value,Increase engagement and gradually improve spending,"Promote affordable products and value-for-money offers. Provide discounts, bundles, and seasonal promotions. Gradually encourage higher-value purchases through bundles."
Renee Reid,30,90114,0.5,7252.85,Premium,Retain & Reward,Increase customer loyalty and lifetime value,Offer exclusive premium products and personalized deals. Provide loyalty rewards and early access to new products. Use targeted offers to increase purchase frequency.
Jennifer Moore,60,71206,0.1,2056.03,Budget,Convert & Increase Value,Increase engagement and gradually improve spending,"Promote affordable products and value-for-money offers. Provide discounts, bundles, and seasonal promotions. Use low-cost promotional offers to encourage purchases."
Megan Proctor,52,34355,0.5,10858.875,Regular,Engage & Upsell,Increase purchase frequency and average spending,Provide targeted discounts and product recommendations. Use loyalty programs to encourage repeat purchases. Offer incentives to increase purchase frequency.
Amy Knight,63,31248,0.2,3712.48,Budget,Convert & Increase Value,Increase engagement and gradually improve spending,"Promote affordable products and value-for-money offers. Provide discounts, bundles, and seasonal promotions. Use low-cost promotional offers to encourage purchases."
Darren Wilson,50,43523,0.3,5752.845,Budget,Convert & Increase Value,Increase engagement and gradually improve spending,"Promote affordable products and value-for-money offers. Provide discounts, bundles, and seasonal promotions. Gradually encourage higher-value purchases through bundles."
Jesse Williams,25,42802,0.8,11312.08,Regular,Engage & Upsell,Increase purchase frequency and average spending,Provide targeted discounts and product recommendations. Use loyalty programs to encourage repeat purchases. Maintain engagement with personalized promotions.
Gregory Mccarthy,36,30182,0.8,11607.28,Regular,Engage & Upsell,Increase purchase frequency and average spending,Provide targeted discounts and product recommendations. Use loyalty programs to encourage repeat purchases. Maintain engagement with personalized promotions.
Ann Kent,30,55201,0.6,12456.03,Premium,Retain & Reward,Increase customer loyalty and lifetime value,Offer exclusive premium products and personalized deals. Provide loyalty rewards and early access to new products. Use targeted offers to increase purchase frequency.
Johnny Hall,24,66037,0.9,14671.665,Premium,Retain & Reward,Increase customer loyalty and lifetime value,Offer exclusive premium products and personalized deals. Provide loyalty rewards and early access to new products. Maintain engagement with frequent personalized campaigns.
David Thompson,26,72566,0.8,15702.64,Premium,Retain & Reward,Increase customer loyalty and lifetime value,Offer exclusive premium products and personalized deals. Provide loyalty rewards and early access to new products. Maintain engagement with frequent personalized campaigns.
Morgan Caldwell,38,38475,0.5,10961.875,Regular,Engage & Upsell,Increase purchase frequency and average spending,Provide targeted discounts and product recommendations. Use loyalty programs to encourage repeat purchases. Offer incentives to increase purchase frequency.
Mark Peterson,20,80763,1.0,11038.15,Premium,Retain & Reward,Increase customer loyalty and lifetime value,Offer exclusive premium products and personalized deals. Provide loyalty rewards and early access to new products. Maintain engagement with frequent personalized campaigns.
Veronica Garcia,29,71628,0.4,4632.56,Budget,Convert & Increase Value,Increase engagement and gradually improve spending,"Promote affordable products and value-for-money offers. Provide discounts, bundles, and seasonal promotions. Use low-cost promotional offers to encourage purchases."
Allison Gonzalez,36,96477,0.5,11411.925,Premium,Retain & Reward,Increase customer loyalty and lifetime value,Offer exclusive premium products and personalized deals. Provide loyalty rewards and early access to new products. Use targeted offers to increase purchase frequency.
Ernest Christensen,52,72988,0.7,10954.58,Premium,Retain & Reward,Increase customer loyalty and lifetime value,Offer exclusive premium products and personalized deals. Provide loyalty rewards and early access to new products. Use targeted offers to increase purchase frequency.
Kenneth Ballard,51,52164,0.3,5882.46,Budget,Convert & Increase Value,Increase engagement and gradually improve spending,"Promote affordable products and value-for-money offers. Provide discounts, bundles, and seasonal promotions. Gradually encourage higher-value purchases through bundles."
Tyler Wallace,59,90162,1.0,16508.1,Premium,Retain & Reward,Increase customer loyalty and lifetime value,Offer exclusive premium products and personalized deals. Provide loyalty rewards and early access to new products. Maintain engagement with frequent personalized campaigns.
Christopher Chapman,27,83622,0.9,17262.99,Premium,Retain & Reward,Increase customer loyalty and lifetime value,Offer exclusive premium products and personalized deals. Provide loyalty rewards and early access to new products. Maintain engagement with frequent personalized campaigns.
Maria Morse,33,98404,1.0,17920.2,Premium,Retain & Reward,Increase customer loyalty and lifetime value,Offer exclusive premium products and personalized deals. Provide loyalty rewards and early access to new products. Maintain engagement with frequent personalized campaigns.
Dr. Emily Clark,29,22852,0.6,8485.56,Regular,Engage & Upsell,Increase purchase frequency and average spending,Provide targeted discounts and product recommendations. Use loyalty programs to encourage repeat purchases. Offer incentives to increase purchase frequency.
Carolyn Simon,27,99484,0.4,7189.68,Budget,Convert & Increase Value,Increase engagement and gradually improve spending,"Promote affordable products and value-for-money offers. Provide discounts, bundles, and seasonal promotions. Gradually encourage higher-value purchases through bundles."
Anne Larson,24,88549,1.0,17427.45,Premium,Retain & Reward,Increase customer loyalty and lifetime value,Offer exclusive premium products and personalized deals. Provide loyalty rewards and early access to new products. Maintain engagement with frequent personalized campaigns.
Brent Chapman,62,63928,1.0,22196.4,Regular,Engage & Upsell,Increase purchase frequency and average spending,Provide targeted discounts and product recommendations. Use loyalty programs to encourage repeat purchases. Maintain engagement with personalized promotions.
Joshua Carey,23,72951,0.5,4323.775,Budget,Convert & Increase Value,Increase engagement and gradually improve spending,"Promote affordable products and value-for-money offers. Provide discounts, bundles, and seasonal promotions. Use low-cost promotional offers to encourage purchases."
Chelsea Miller,50,97108,0.6,11913.24,Premium,Retain & Reward,Increase customer loyalty and lifetime value,Offer exclusive premium products and personalized deals. Provide loyalty rewards and early access to new products. Use targeted offers to increase purchase frequency.
Sara White,34,36687,0.1,1783.435,Budget,Convert & Increase Value,Increase engagement and gradually improve spending,"Promote affordable products and value-for-money offers. Provide discounts, bundles, and seasonal promotions. Use low-cost promotional offers to encourage purchases."
Lisa Velasquez,60,56832,0.6,13704.96,Regular,Engage & Upsell,Increase purchase frequency and average spending,Provide targeted discounts and product recommendations. Use loyalty programs to encourage repeat purchases. Offer incentives to increase purchase frequency.
Brent Mccoy,34,64992,0.6,7949.76,Budget,Convert & Increase Value,Increase engagement and gradually improve spending,"Promote affordable products and value-for-money offers. Provide discounts, bundles, and seasonal promotions. Gradually encourage higher-value purchases through bundles."
Aimee Morrison,58,67452,0.6,12223.56,Premium,Retain & Reward,Increase customer loyalty and lifetime value,Offer exclusive premium products and personalized deals. Provide loyalty rewards and early access to new products. Use targeted offers to increase purchase frequency.
Crystal Hughes,63,22283,0.7,12679.905,Regular,Engage & Upsell,Increase purchase frequency and average spending,Provide targeted discounts and product recommendations. Use loyalty programs to encourage repeat purchases. Maintain engagement with personalized promotions.
Amy Kennedy,58,99016,0.1,2695.08,Budget,Convert & Increase Value,Increase engagement and gradually improve spending,"Promote affordable products and value-for-money offers. Provide discounts, bundles, and seasonal promotions. Use low-cost promotional offers to encourage purchases."
Stephanie Davis,52,23171,0.7,12710.985,Regular,Engage & Upsell,Increase purchase frequency and average spending,Provide targeted discounts and product recommendations. Use loyalty programs to encourage repeat purchases. Maintain engagement with personalized promotions.
Theresa Lambert,27,26649,0.9,11099.205,Regular,Engage & Upsell,Increase purchase frequency and average spending,Provide targeted discounts and product recommendations. Use loyalty programs to encourage repeat purchases. Maintain engagement with personalized promotions.
Sandra Shea,36,51774,1.0,17588.7,Regular,Engage & Upsell,Increase purchase frequency and average spending,Provide targeted discounts and product recommendations. Use loyalty programs to encourage repeat purchases. Maintain engagement with personalized promotions.
Thomas Savage,23,61600,0.5,8040.0,Budget,Convert & Increase Value,Increase engagement and gradually improve spending,"Promote affordable products and value-for-money offers. Provide discounts, bundles, and seasonal promotions. Gradually encourage higher-value purchases through bundles."
Charles Simon,19,56048,0.7,11061.68,Premium,Retain & Reward,Increase customer loyalty and lifetime value,Offer exclusive premium products and personalized deals. Provide loyalty rewards and early access to new products. Use targeted offers to increase purchase frequency.
Michael Jones,31,21424,0.3,5121.36,Budget,Convert & Increase Value,Increase engagement and gradually improve spending,"Promote affordable products and value-for-money offers. Provide discounts, bundles, and seasonal promotions. Gradually encourage higher-value purchases through bundles."
Melissa Horn,18,32036,0.6,3961.08,Budget,Convert & Increase Value,Increase engagement and gradually improve spending,"Promote affordable products and value-for-money offers. Provide discounts, bundles, and seasonal promotions. Use low-cost promotional offers to encourage purchases."
James Allen,21,85062,0.5,6126.55,Budget,Convert & Increase Value,Increase engagement and gradually improve spending,"Promote affordable products and value-for-money offers. Provide discounts, bundles, and seasonal promotions. Gradually encourage higher-value purchases through bundles."
Robert Macias DVM,37,85161,1.0,21258.05,Premium,Retain & Reward,Increase customer loyalty and lifetime value,Offer exclusive premium products and personalized deals. Provide loyalty rewards and early access to new products. Maintain engagement with frequent personalized campaigns.
James Love,50,37027,0.4,5940.54,Budget,Convert & Increase Value,Increase engagement and gradually improve spending,"Promote affordable products and value-for-money offers. Provide discounts, bundles, and seasonal promotions. Gradually encourage higher-value purchases through bundles."
Angela Long,32,33833,0.1,1269.165,Budget,Convert & Increase Value,Increase engagement and gradually improve spending,"Promote affordable products and value-for-money offers. Provide discounts, bundles, and seasonal promotions. Use low-cost promotional offers to encourage purchases."
Kimberly Blackwell,56,79396,0.8,19175.84,Premium,Retain & Reward,Increase customer loyalty and lifetime value,Offer exclusive premium products and personalized deals. Provide loyalty rewards and early access to new products. Maintain engagement with frequent personalized campaigns.
Hector Moyer,43,88436,0.4,7768.72,Budget,Convert & Increase Value,Increase engagement and gradually improve spending,"Promote affordable products and value-for-money offers. Provide discounts, bundles, and seasonal promotions. Gradually encourage higher-value purchases through bundles."
Edward Martin,26,72673,1.0,18633.65,Premium,Retain & Reward,Increase customer loyalty and lifetime value,Offer exclusive premium products and personalized deals. Provide loyalty rewards and early access to new products. Maintain engagement with frequent personalized campaigns.
Mrs. Helen Sanchez,51,94796,1.0,24739.8,Premium,Retain & Reward,Increase customer loyalty and lifetime value,Offer exclusive premium products and personalized deals. Provide loyalty rewards and early access to new products. Maintain engagement with frequent personalized campaigns.
Daniel Schultz,33,92967,0.5,9824.175,Premium,Retain & Reward,Increase customer loyalty and lifetime value,Offer exclusive premium products and personalized deals. Provide loyalty rewards and early access to new products. Use targeted offers to increase purchase frequency.
Reginald Livingston,65,95144,0.5,10878.6,Premium,Retain & Reward,Increase customer loyalty and lifetime value,Offer exclusive premium products and personalized deals. Provide loyalty rewards and early access to new products. Use targeted offers to increase purchase frequency.
Joseph Jones,62,78546,0.2,5185.46,Budget,Convert & Increase Value,Increase engagement and gradually improve spending,"Promote affordable products and value-for-money offers. Provide discounts, bundles, and seasonal promotions. Gradually encourage higher-value purchases through bundles."
William Bell,55,29992,0.7,14349.72,Regular,Engage & Upsell,Increase purchase frequency and average spending,Provide targeted discounts and product recommendations. Use loyalty programs to encourage repeat purchases. Maintain engagement with personalized promotions.
Nancy Collins,39,63133,1.0,13156.65,Premium,Retain & Reward,Increase customer loyalty and lifetime value,Offer exclusive premium products and personalized deals. Provide loyalty rewards and early access to new products. Maintain engagement with frequent personalized campaigns.
Joseph Hess,24,22397,0.1,611.985,Budget,Convert & Increase Value,Increase engagement and gradually improve spending,"Promote affordable products and value-for-money offers. Provide discounts, bundles, and seasonal promotions. Use low-cost promotional offers to encourage purchases."
Brooke Carter,37,87741,0.1,1638.705,Budget,Convert & Increase Value,Increase engagement and gradually improve spending,"Promote affordable products and value-for-money offers. Provide discounts, bundles, and seasonal promotions. Use low-cost promotional offers to encourage purchases."
Justin Blanchard,49,87463,0.5,9686.575,Premium,Retain & Reward,Increase customer loyalty and lifetime value,Offer exclusive premium products and personalized deals. Provide loyalty rewards and early access to new products. Use targeted offers to increase purchase frequency.
Jason Allen,34,99090,0.8,16763.6,Premium,Retain & Reward,Increase customer loyalty and lifetime value,Offer exclusive premium products and personalized deals. Provide loyalty rewards and early access to new products. Maintain engagement with frequent personalized campaigns.
Heather Hansen,48,21952,1.0,18097.6,Regular,Engage & Upsell,Increase purchase frequency and average spending,Provide targeted discounts and product recommendations. Use loyalty programs to encourage repeat purchases. Maintain engagement with personalized promotions.
Alan Arias MD,56,64790,0.2,3447.9,Budget,Convert & Increase Value,Increase engagement and gradually improve spending,"Promote affordable products and value-for-money offers. Provide discounts, bundles, and seasonal promotions. Use low-cost promotional offers to encourage purchases."
Brittany Ramsey,27,54374,0.6,12431.22,Premium,Retain & Reward,Increase customer loyalty and lifetime value,Offer exclusive premium products and personalized deals. Provide loyalty rewards and early access to new products. Use targeted offers to increase purchase frequency.
George Flores,35,92243,0.8,12489.72,Premium,Retain & Reward,Increase customer loyalty and lifetime value,Offer exclusive premium products and personalized deals. Provide loyalty rewards and early access to new products. Maintain engagement with frequent personalized campaigns.
Francisco Obrien,47,32318,0.2,4323.18,Budget,Convert & Increase Value,Increase engagement and gradually improve spending,"Promote affordable products and value-for-money offers. Provide discounts, bundles, and seasonal promotions. Use low-cost promotional offers to encourage purchases."
Jillian Hoffman,61,52896,0.6,8786.88,Regular,Engage & Upsell,Increase purchase frequency and average spending,Provide targeted discounts and product recommendations. Use loyalty programs to encourage repeat purchases. Offer incentives to increase purchase frequency.
Nathan Jones,39,70317,0.6,9309.51,Premium,Retain & Reward,Increase customer loyalty and lifetime value,Offer exclusive premium products and personalized deals. Provide loyalty rewards and early access to new products. Use targeted offers to increase purchase frequency.
James James,29,25808,0.9,17361.36,Regular,Engage & Upsell,Increase purchase frequency and average spending,Provide targeted discounts and product recommendations. Use loyalty programs to encourage repeat purchases. Maintain engagement with personalized promotions.
Lisa Davis,50,55406,1.0,19770.3,Regular,Engage & Upsell,Increase purchase frequency and average spending,Provide targeted discounts and product recommendations. Use loyalty programs to encourage repeat purchases. Maintain engagement with personalized promotions.
Gregory Taylor,58,65749,0.1,1728.745,Budget,Convert & Increase Value,Increase engagement and gradually improve spending,"Promote affordable products and value-for-money offers. Provide discounts, bundles, and seasonal promotions. Use low-cost promotional offers to encourage purchases."
Adam Ruiz,46,58611,0.5,8965.275,Budget,Convert & Increase Value,Increase engagement and gradually improve spending,"Promote affordable products and value-for-money offers. Provide discounts, bundles, and seasonal promotions. Gradually encourage higher-value purchases through bundles."
Angela Thompson,49,40678,0.4,8013.56,Budget,Convert & Increase Value,Increase engagement and gradually improve spending,"Promote affordable products and value-for-money offers. Provide discounts, bundles, and seasonal promotions. Gradually encourage higher-value purchases through bundles."
Christopher Cooper,40,26247,0.7,7918.645,Regular,Engage & Upsell,Increase purchase frequency and average spending,Provide targeted discounts and product recommendations. Use loyalty programs to encourage repeat purchases. Maintain engagement with personalized promotions.
Alexandra Nichols,46,62523,0.1,1512.615,Budget,Convert & Increase Value,Increase engagement and gradually improve spending,"Promote affordable products and value-for-money offers. Provide discounts, bundles, and seasonal promotions. Use low-cost promotional offers to encourage purchases."
James Ewing,61,52773,0.4,9055.46,Budget,Convert & Increase Value,Increase engagement and gradually improve spending,"Promote affordable products and value-for-money offers. Provide discounts, bundles, and seasonal promotions. Gradually encourage higher-value purchases through bundles."
Deborah Yu,62,33460,0.7,15171.1,Regular,Engage & Upsell,Increase purchase frequency and average spending,Provide targeted discounts and product recommendations. Use loyalty programs to encourage repeat purchases. Maintain engagement with personalized promotions.
Debra Thomas,53,33722,0.3,5605.83,Budget,Convert & Increase Value,Increase engagement and gradually improve spending,"Promote affordable products and value-for-money offers. Provide discounts, bundles, and seasonal promotions. Gradually encourage higher-value purchases through bundles."
Cindy Singh,21,75457,0.9,12395.565,Premium,Retain & Reward,Increase customer loyalty and lifetime value,Offer exclusive premium products and personalized deals. Provide loyalty rewards and early access to new products. Maintain engagement with frequent personalized campaigns.
Danny Lutz,60,63714,0.8,13748.56,Regular,Engage & Upsell,Increase purchase frequency and average spending,Provide targeted discounts and product recommendations. Use loyalty programs to encourage repeat purchases. Maintain engagement with personalized promotions.
Emily Campbell,55,63828,0.4,8876.56,Budget,Convert & Increase Value,Increase engagement and gradually improve spending,"Promote affordable products and value-for-money offers. Provide discounts, bundles, and seasonal promotions. Gradually encourage higher-value purchases through bundles."
Dr. Ashley Lopez,21,88592,0.1,1742.96,Budget,Convert & Increase Value,Increase engagement and gradually improve spending,"Promote affordable products and value-for-money offers. Provide discounts, bundles, and seasonal promotions. Use low-cost promotional offers to encourage purchases."
Gary Jones,61,25588,0.9,18251.46,Regular,Engage & Upsell,Increase purchase frequency and average spending,Provide targeted discounts and product recommendations. Use loyalty programs to encourage repeat purchases. Maintain engagement with personalized promotions.
Cameron Daniels,30,23947,0.9,10977.615,Regular,Engage & Upsell,Increase purchase frequency and average spending,Provide targeted discounts and product recommendations. Use loyalty programs to encourage repeat purchases. Maintain engagement with personalized promotions.
Natasha Bennett,38,94979,0.8,14199.16,Premium,Retain & Reward,Increase customer loyalty and lifetime value,Offer exclusive premium products and personalized deals. Provide loyalty rewards and early access to new products. Maintain engagement with frequent personalized campaigns.
Elizabeth Harris,52,43552,0.8,19342.08,Regular,Engage & Upsell,Increase purchase frequency and average spending,Provide targeted discounts and product recommendations. Use loyalty programs to encourage repeat purchases. Maintain engagement with personalized promotions.
Jordan Harper,34,67276,0.5,5681.9,Budget,Convert & Increase Value,Increase engagement and gradually improve spending,"Promote affordable products and value-for-money offers. Provide discounts, bundles, and seasonal promotions. Gradually encourage higher-value purchases through bundles."
Michelle Nichols,65,50017,0.7,15050.595,Regular,Engage & Upsell,Increase purchase frequency and average spending,Provide targeted discounts and product recommendations. Use loyalty programs to encourage repeat purchases. Maintain engagement with personalized promotions.
James Lopez,18,37793,1.0,6889.65,Regular,Engage & Upsell,Increase purchase frequency and average spending,Provide targeted discounts and product recommendations. Use loyalty programs to encourage repeat purchases. Maintain engagement with personalized promotions.
David Bennett,39,25449,0.9,10145.205,Regular,Engage & Upsell,Increase purchase frequency and average spending,Provide targeted discounts and product recommendations. Use loyalty programs to encourage repeat purchases. Maintain engagement with personalized promotions.
John Lowery,28,38291,0.3,2974.365,Budget,Convert & Increase Value,Increase engagement and gradually improve spending,"Promote affordable products and value-for-money offers. Provide discounts, bundles, and seasonal promotions. Use low-cost promotional offers to encourage purchases."
Wendy Norman,53,70979,0.1,2354.895,Budget,Convert & Increase Value,Increase engagement and gradually improve spending,"Promote affordable products and value-for-money offers. Provide discounts, bundles, and seasonal promotions. Use low-cost promotional offers to encourage purchases."
Jacob Rios,41,93859,0.1,2169.295,Budget,Convert & Increase Value,Increase engagement and gradually improve spending,"Promote affordable products and value-for-money offers. Provide discounts, bundles, and seasonal promotions. Use low-cost promotional offers to encourage purchases."
Shannon Page,33,68148,0.6,9844.44,Premium,Retain & Reward,Increase customer loyalty and lifetime value,Offer exclusive premium products and personalized deals. Provide loyalty rewards and early access to new products. Use targeted offers to increase purchase frequency.
Eric Powers,23,28482,0.7,9396.87,Regular,Engage & Upsell,Increase purchase frequency and average spending,Provide targeted discounts and product recommendations. Use loyalty programs to encourage repeat purchases. Maintain engagement with personalized promotions.
Rodney Mejia,30,39701,0.4,6794.02,Budget,Convert & Increase Value,Increase engagement and gradually improve spending,"Promote affordable products and value-for-money offers. Provide discounts, bundles, and seasonal promotions. Gradually encourage higher-value purchases through bundles."
Maria Jackson,51,86267,0.2,3862.67,Budget,Convert & Increase Value,Increase engagement and gradually improve spending,"Promote affordable products and value-for-money offers. Provide discounts, bundles, and seasonal promotions. Use low-cost promotional offers to encourage purchases."
Glenn Davis,38,66881,0.5,8172.025,Budget,Convert & Increase Value,Increase engagement and gradually improve spending,"Promote affordable products and value-for-money offers. Provide discounts, bundles, and seasonal promotions. Gradually encourage higher-value purchases through bundles."
Daniel Hunt,47,44238,0.7,15548.33,Regular,Engage & Upsell,Increase purchase frequency and average spending,Provide targeted discounts and product recommendations. Use loyalty programs to encourage repeat purchases. Maintain engagement with personalized promotions.
Michelle Roman,44,61578,0.3,4523.67,Budget,Convert & Increase Value,Increase engagement and gradually improve spending,"Promote affordable products and value-for-money offers. Provide discounts, bundles, and seasonal promotions. Use low-cost promotional offers to encourage purchases."
Bonnie Hansen,34,78670,0.2,3386.7,Budget,Convert & Increase Value,Increase engagement and gradually improve spending,"Promote affordable products and value-for-money offers. Provide discounts, bundles, and seasonal promotions. Use low-cost promotional offers to encourage purchases."
Renee Jackson,41,66114,0.3,6091.71,Budget,Convert & Increase Value,Increase engagement and gradually improve spending,"Promote affordable products and value-for-money offers. Provide discounts, bundles, and seasonal promotions. Gradually encourage higher-value purchases through bundles."
Stephen Morrow,44,40671,1.0,15033.55,Regular,Engage & Upsell,Increase purchase frequency and average spending,Provide targeted discounts and product recommendations. Use loyalty programs to encourage repeat purchases. Maintain engagement with personalized promotions.
Luis Shaw,47,20206,0.6,9606.18,Regular,Engage & Upsell,Increase purchase frequency and average spending,Provide targeted discounts and product recommendations. Use loyalty programs to encourage repeat purchases. Offer incentives to increase purchase frequency.
Roger Martin,26,73630,1.0,19681.5,Premium,Retain & Reward,Increase customer loyalty and lifetime value,Offer exclusive premium products and personalized deals. Provide loyalty rewards and early access to new products. Maintain engagement with frequent personalized campaigns.
Blake Sanchez,24,57931,1.0,15896.55,Premium,Retain & Reward,Increase customer loyalty and lifetime value,Offer exclusive premium products and personalized deals. Provide loyalty rewards and early access to new products. Maintain engagement with frequent personalized campaigns.
Veronica Sellers,62,20403,1.0,21020.15,Regular,Engage & Upsell,Increase purchase frequency and average spending,Provide targeted discounts and product recommendations. Use loyalty programs to encourage repeat purchases. Maintain engagement with personalized promotions.
Lisa Hendrix,32,84710,1.0,22235.5,Premium,Retain & Reward,Increase customer loyalty and lifetime value,Offer exclusive premium products and personalized deals. Provide loyalty rewards and early access to new products. Maintain engagement with frequent personalized campaigns.
Jonathan Dorsey,45,28001,0.5,10700.025,Regular,Engage & Upsell,Increase purchase frequency and average spending,Provide targeted discounts and product recommendations. Use loyalty programs to encourage repeat purchases. Offer incentives to increase purchase frequency.
Cassandra Watson,29,35972,0.9,13318.74,Regular,Engage & Upsell,Increase purchase frequency and average spending,Provide targeted discounts and product recommendations. Use loyalty programs to encourage repeat purchases. Maintain engagement with personalized promotions.
Logan Reynolds,57,95396,0.7,15238.86,Premium,Retain & Reward,Increase customer loyalty and lifetime value,Offer exclusive premium products and personalized deals. Provide loyalty rewards and early access to new products. Use targeted offers to increase purchase frequency.
Cindy Pena,32,22330,0.8,11293.2,Regular,Engage & Upsell,Increase purchase frequency and average spending,Provide targeted discounts and product recommendations. Use loyalty programs to encourage repeat purchases. Maintain engagement with personalized promotions.
Rickey Hernandez,38,86587,0.4,8531.74,Budget,Convert & Increase Value,Increase engagement and gradually improve spending,"Promote affordable products and value-for-money offers. Provide discounts, bundles, and seasonal promotions. Gradually encourage higher-value purchases through bundles."
Julie Knox,37,38010,0.5,9950.25,Regular,Engage & Upsell,Increase purchase frequency and average spending,Provide targeted discounts and product recommendations. Use loyalty programs to encourage repeat purchases. Offer incentives to increase purchase frequency.
Margaret Tran,31,57605,1.0,12880.25,Premium,Retain & Reward,Increase customer loyalty and lifetime value,Offer exclusive premium products and personalized deals. Provide loyalty rewards and early access to new products. Maintain engagement with frequent personalized campaigns.
Tonya Arnold,45,48924,1.0,12446.2,Regular,Engage & Upsell,Increase purchase frequency and average spending,Provide targeted discounts and product recommendations. Use loyalty programs to encourage repeat purchases. Maintain engagement with personalized promotions.
Derek Larson,42,95660,0.9,17804.7,Premium,Retain & Reward,Increase customer loyalty and lifetime value,Offer exclusive premium products and personalized deals. Provide loyalty rewards and early access to new products. Maintain engagement with frequent personalized campaigns.
Taylor Williams,30,94002,0.8,16560.08,Premium,Retain & Reward,Increase customer loyalty and lifetime value,Offer exclusive premium products and personalized deals. Provide loyalty rewards and early access to new products. Maintain engagement with frequent personalized campaigns.
Robert Keith,41,24034,1.0,16201.7,Regular,Engage & Upsell,Increase purchase frequency and average spending,Provide targeted discounts and product recommendations. Use loyalty programs to encourage repeat purchases. Maintain engagement with personalized promotions.
Ryan Smith,43,60588,0.3,6008.82,Budget,Convert & Increase Value,Increase engagement and gradually improve spending,"Promote affordable products and value-for-money offers. Provide discounts, bundles, and seasonal promotions. Gradually encourage higher-value purchases through bundles."
Jonathon Holder,36,72059,1.0,20602.95,Premium,Retain & Reward,Increase customer loyalty and lifetime value,Offer exclusive premium products and personalized deals. Provide loyalty rewards and early access to new products. Maintain engagement with frequent personalized campaigns.
Kathryn Silva,33,43961,0.8,12158.44,Regular,Engage & Upsell,Increase purchase frequency and average spending,Provide targeted discounts and product recommendations. Use loyalty programs to encourage repeat purchases. Maintain engagement with personalized promotions.
Charles Jimenez,47,46541,0.9,18294.345,Regular,Engage & Upsell,Increase purchase frequency and average spending,Provide targeted discounts and product recommendations. Use loyalty programs to encourage repeat purchases. Maintain engagement with personalized promotions.
Linda Bennett,36,60515,0.5,7512.875,Budget,Convert & Increase Value,Increase engagement and gradually improve spending,"Promote affordable products and value-for-money offers. Provide discounts, bundles, and seasonal promotions. Gradually encourage higher-value purchases through bundles."
Bonnie Odom,28,60282,0.3,4204.23,Budget,Convert & Increase Value,Increase engagement and gradually improve spending,"Promote affordable products and value-for-money offers. Provide discounts, bundles, and seasonal promotions. Use low-cost promotional offers to encourage purchases."
James Mckee,28,95620,1.0,17781.0,Premium,Retain & Reward,Increase customer loyalty and lifetime value,Offer exclusive premium products and personalized deals. Provide loyalty rewards and early access to new products. Maintain engagement with frequent personalized campaigns.
Lisa Stone,28,36579,0.5,4914.475,Budget,Convert & Increase Value,Increase engagement and gradually improve spending,"Promote affordable products and value-for-money offers. Provide discounts, bundles, and seasonal promotions. Use low-cost promotional offers to encourage purchases."
Douglas Scott,54,44343,0.1,2121.715,Budget,Convert & Increase Value,Increase engagement and gradually improve spending,"Promote affordable products and value-for-money offers. Provide discounts, bundles, and seasonal promotions. Use low-cost promotional offers to encourage purchases."
Kelly Fuller,35,74219,0.5,6855.475,Budget,Convert & Increase Value,Increase engagement and gradually improve spending,"Promote affordable products and value-for-money offers. Provide discounts, bundles, and seasonal promotions. Gradually encourage higher-value purchases through bundles."
Morgan Norman,39,92706,0.9,14971.77,Premium,Retain & Reward,Increase customer loyalty and lifetime value,Offer exclusive premium products and personalized deals. Provide loyalty rewards and early access to new products. Maintain engagement with frequent personalized campaigns.
Diane Singh,21,75594,1.0,13779.7,Premium,Retain & Reward,Increase customer loyalty and lifetime value,Offer exclusive premium products and personalized deals. Provide loyalty rewards and early access to new products. Maintain engagement with frequent personalized campaigns.
Daniel Powell,48,35639,0.7,11747.365,Regular,Engage & Upsell,Increase purchase frequency and average spending,Provide targeted discounts and product recommendations. Use loyalty programs to encourage repeat purchases. Maintain engagement with personalized promotions.
Lauren Fisher,44,91499,0.6,11744.97,Premium,Retain & Reward,Increase customer loyalty and lifetime value,Offer exclusive premium products and personalized deals. Provide loyalty rewards and early access to new products. Use targeted offers to increase purchase frequency.
Jeanne Perez,64,21213,0.3,3918.195,Budget,Convert & Increase Value,Increase engagement and gradually improve spending,"Promote affordable products and value-for-money offers. Provide discounts, bundles, and seasonal promotions. Use low-cost promotional offers to encourage purchases."
Brenda Long,42,68834,0.6,9265.02,Premium,Retain & Reward,Increase customer loyalty and lifetime value,Offer exclusive premium products and personalized deals. Provide loyalty rewards and early access to new products. Use targeted offers to increase purchase frequency.
Briana Moore,51,33767,1.0,15688.35,Regular,Engage & Upsell,Increase purchase frequency and average spending,Provide targeted discounts and product recommendations. Use loyalty programs to encourage repeat purchases. Maintain engagement with personalized promotions.
Heidi Lozano,53,62304,0.9,16303.68,Regular,Engage & Upsell,Increase purchase frequency and average spending,Provide targeted discounts and product recommendations. Use loyalty programs to encourage repeat purchases. Maintain engagement with personalized promotions.
Linda Day,43,30880,0.1,1154.4,Budget,Convert & Increase Value,Increase engagement and gradually improve spending,"Promote affordable products and value-for-money offers. Provide discounts, bundles, and seasonal promotions. Use low-cost promotional offers to encourage purchases."
Christopher Jones,58,73963,1.0,20698.15,Premium,Retain & Reward,Increase customer loyalty and lifetime value,Offer exclusive premium products and personalized deals. Provide loyalty rewards and early access to new products. Maintain engagement with frequent personalized campaigns.
Molly Rodriguez,62,47156,0.6,13414.68,Regular,Engage & Upsell,Increase purchase frequency and average spending,Provide targeted discounts and product recommendations. Use loyalty programs to encourage repeat purchases. Offer incentives to increase purchase frequency.
James Hall,23,55825,0.4,4316.5,Budget,Convert & Increase Value,Increase engagement and gradually improve spending,"Promote affordable products and value-for-money offers. Provide discounts, bundles, and seasonal promotions. Use low-cost promotional offers to encourage purchases."
Ryan Acevedo,60,70421,0.7,12964.735,Premium,Retain & Reward,Increase customer loyalty and lifetime value,Offer exclusive premium products and personalized deals. Provide loyalty rewards and early access to new products. Use targeted offers to increase purchase frequency.
Robin Huynh,30,88458,0.5,6211.45,Budget,Convert & Increase Value,Increase engagement and gradually improve spending,"Promote affordable products and value-for-money offers. Provide discounts, bundles, and seasonal promotions. Gradually encourage higher-value purchases through bundles."
Mark Wright,44,67573,0.6,8027.19,Premium,Retain & Reward,Increase customer loyalty and lifetime value,Offer exclusive premium products and personalized deals. Provide loyalty rewards and early access to new products. Use targeted offers to increase purchase frequency.
Michael Andrews,34,95920,0.4,8318.4,Premium,Retain & Reward,Increase customer loyalty and lifetime value,Offer exclusive premium products and personalized deals. Provide loyalty rewards and early access to new products. Use targeted offers to increase purchase frequency.
Dr. Brian Williams,54,54788,0.7,10317.58,Regular,Engage & Upsell,Increase purchase frequency and average spending,Provide targeted discounts and product recommendations. Use loyalty programs to encourage repeat purchases. Maintain engagement with personalized promotions.
Tammy Roberts,59,33096,0.6,8192.88,Regular,Engage & Upsell,Increase purchase frequency and average spending,Provide targeted discounts and product recommendations. Use loyalty programs to encourage repeat purchases. Offer incentives to increase purchase frequency.
Brooke Smith,39,32823,0.4,6656.46,Budget,Convert & Increase Value,Increase engagement and gradually improve spending,"Promote affordable products and value-for-money offers. Provide discounts, bundles, and seasonal promotions. Gradually encourage higher-value purchases through bundles."
Adrian Wise,37,71323,0.8,10852.92,Premium,Retain & Reward,Increase customer loyalty and lifetime value,Offer exclusive premium products and personalized deals. Provide loyalty rewards and early access to new products. Maintain engagement with frequent personalized campaigns.
Paul Maldonado,27,37098,0.4,5941.96,Budget,Convert & Increase Value,Increase engagement and gradually improve spending,"Promote affordable products and value-for-money offers. Provide discounts, bundles, and seasonal promotions. Gradually encourage higher-value purchases through bundles."
Jennifer Caldwell,26,81298,0.8,9651.92,Premium,Retain & Reward,Increase customer loyalty and lifetime value,Offer exclusive premium products and personalized deals. Provide loyalty rewards and early access to new products. Maintain engagement with frequent personalized campaigns.
Jennifer Reed,53,52440,0.4,9048.8,Budget,Convert & Increase Value,Increase engagement and gradually improve spending,"Promote affordable products and value-for-money offers. Provide discounts, bundles, and seasonal promotions. Gradually encourage higher-value purchases through bundles."
Justin Johnston,57,42895,0.5,9572.375,Regular,Engage & Upsell,Increase purchase frequency and average spending,Provide targeted discounts and product recommendations. Use loyalty programs to encourage repeat purchases. Offer incentives to increase purchase frequency.
Chad Wu,24,46459,0.8,13858.36,Regular,Engage & Upsell,Increase purchase frequency and average spending,Provide targeted discounts and product recommendations. Use loyalty programs to encourage repeat purchases. Maintain engagement with personalized promotions.
James Oliver,34,79336,0.3,5090.04,Budget,Convert & Increase Value,Increase engagement and gradually improve spending,"Promote affordable products and value-for-money offers. Provide discounts, bundles, and seasonal promotions. Gradually encourage higher-value purchases through bundles."
James Jones,56,65975,0.7,16309.125,Premium,Retain & Reward,Increase customer loyalty and lifetime value,Offer exclusive premium products and personalized deals. Provide loyalty rewards and early access to new products. Use targeted offers to increase purchase frequency.
Timothy Malone,34,37155,1.0,14857.75,Regular,Engage & Upsell,Increase purchase frequency and average spending,Provide targeted discounts and product recommendations. Use loyalty programs to encourage repeat purchases. Maintain engagement with personalized promotions.
Latoya Stuart,52,50725,1.0,16536.25,Regular,Engage & Upsell,Increase purchase frequency and average spending,Provide targeted discounts and product recommendations. Use loyalty programs to encourage repeat purchases. Maintain engagement with personalized promotions.
Kimberly Murphy,40,60052,0.8,12002.08,Premium,Retain & Reward,Increase customer loyalty and lifetime value,Offer exclusive premium products and personalized deals. Provide loyalty rewards and early access to new products. Maintain engagement with frequent personalized campaigns.
Jesus Sanders,31,57925,1.0,15896.25,Premium,Retain & Reward,Increase customer loyalty and lifetime value,Offer exclusive premium products and personalized deals. Provide loyalty rewards and early access to new products. Maintain engagement with frequent personalized campaigns.
Eddie Clark,38,24581,0.7,11360.335,Regular,Engage & Upsell,Increase purchase frequency and average spending,Provide targeted discounts and product recommendations. Use loyalty programs to encourage repeat purchases. Maintain engagement with personalized promotions.
Patricia Cline,64,26324,0.1,1331.62,Budget,Convert & Increase Value,Increase engagement and gradually improve spending,"Promote affordable products and value-for-money offers. Provide discounts, bundles, and seasonal promotions. Use low-cost promotional offers to encourage purchases."
Michael Schneider,44,63465,0.1,2317.325,Budget,Convert & Increase Value,Increase engagement and gradually improve spending,"Promote affordable products and value-for-money offers. Provide discounts, bundles, and seasonal promotions. Use low-cost promotional offers to encourage purchases."
Ian Phillips,53,75148,0.5,8878.7,Premium,Retain & Reward,Increase customer loyalty and lifetime value,Offer exclusive premium products and personalized deals. Provide loyalty rewards and early access to new products. Use targeted offers to increase purchase frequency.
Scott Lopez,65,25826,0.1,1829.13,Budget,Convert & Increase Value,Increase engagement and gradually improve spending,"Promote affordable products and value-for-money offers. Provide discounts, bundles, and seasonal promotions. Use low-cost promotional offers to encourage purchases."
Rodney May,40,88912,0.2,2889.12,Budget,Convert & Increase Value,Increase engagement and gradually improve spending,"Promote affordable products and value-for-money offers. Provide discounts, bundles, and seasonal promotions. Use low-cost promotional offers to encourage purchases."
Kimberly Howard,54,97603,1.0,19880.15,Premium,Retain & Reward,Increase customer loyalty and lifetime value,Offer exclusive premium products and personalized deals. Provide loyalty rewards and early access to new products. Maintain engagement with frequent personalized campaigns.
Andre Wagner,44,34195,0.3,4112.925,Budget,Convert & Increase Value,Increase engagement and gradually improve spending,"Promote affordable products and value-for-money offers. Provide discounts, bundles, and seasonal promotions. Use low-cost promotional offers to encourage purchases."
Linda Hunter,25,50324,0.8,8412.96,Regular,Engage & Upsell,Increase purchase frequency and average spending,Provide targeted discounts and product recommendations. Use loyalty programs to encourage repeat purchases. Maintain engagement with personalized promotions.
Bradley Anderson,56,46752,0.1,2433.76,Budget,Convert & Increase Value,Increase engagement and gradually improve spending,"Promote affordable products and value-for-money offers. Provide discounts, bundles, and seasonal promotions. Use low-cost promotional offers to encourage purchases."
William Wright,51,49951,0.3,4949.265,Budget,Convert & Increase Value,Increase engagement and gradually improve spending,"Promote affordable products and value-for-money offers. Provide discounts, bundles, and seasonal promotions. Use low-cost promotional offers to encourage purchases."
Joanne Watson,43,52276,0.4,5845.52,Budget,Convert & Increase Value,Increase engagement and gradually improve spending,"Promote affordable products and value-for-money offers. Provide discounts, bundles, and seasonal promotions. Gradually encourage higher-value purchases through bundles."
Vincent Wallace,25,84339,0.7,12051.865,Premium,Retain & Reward,Increase customer loyalty and lifetime value,Offer exclusive premium products and personalized deals. Provide loyalty rewards and early access to new products. Use targeted offers to increase purchase frequency.
Jennifer Malone,34,92407,0.7,8834.245,Premium,Retain & Reward,Increase customer loyalty and lifetime value,Offer exclusive premium products and personalized deals. Provide loyalty rewards and early access to new products. Use targeted offers to increase purchase frequency.
Laura Wright MD,27,26321,0.5,7158.025,Budget,Convert & Increase Value,Increase engagement and gradually improve spending,"Promote affordable products and value-for-money offers. Provide discounts, bundles, and seasonal promotions. Gradually encourage higher-value purchases through bundles."
Jason Haas,42,98170,0.7,17435.95,Premium,Retain & Reward,Increase customer loyalty and lifetime value,Offer exclusive premium products and personalized deals. Provide loyalty rewards and early access to new products. Use targeted offers to increase purchase frequency.
Sharon Valdez,39,59174,0.9,11662.83,Premium,Retain & Reward,Increase customer loyalty and lifetime value,Offer exclusive premium products and personalized deals. Provide loyalty rewards and early access to new products. Maintain engagement with frequent personalized campaigns.
Andrew Taylor,50,59808,0.4,7196.16,Budget,Convert & Increase Value,Increase engagement and gradually improve spending,"Promote affordable products and value-for-money offers. Provide discounts, bundles, and seasonal promotions. Gradually encourage higher-value purchases through bundles."
Jessica Johnson,50,58272,0.7,13939.52,Regular,Engage & Upsell,Increase purchase frequency and average spending,Provide targeted discounts and product recommendations. Use loyalty programs to encourage repeat purchases. Maintain engagement with personalized promotions.
Brian Williams,38,32512,0.5,8312.8,Budget,Convert & Increase Value,Increase engagement and gradually improve spending,"Promote affordable products and value-for-money offers. Provide discounts, bundles, and seasonal promotions. Gradually encourage higher-value purchases through bundles."
